grammatical	ungrammatical
ù ǔ C T o M Y a m y o h S R a D x o i a	ù ǔ a C T o M Y a m y o h S R a D x o i a
ǔ l u ǒ C q t a s ú a F w m a b V g o p	ǔ l u ǒ C q a t a s ú a F w m a b V g o p
à Q Q ǔ M J a ǒ J a w T ó R C u ǒ a B L	à Q Q ǔ M J a ǒ J a w T ó R C a u ǒ a B L
ǎ z w x a I r a E ǎ l Y ǒ x R a j g x i	ǎ z w x a I r a E ǎ l Y ǒ x R a j a x i
è K s c ǎ a m é Q é T I j P Q d E s a a	è K s c ǎ a m é Q é T I j P Q a E s a a
ě v c t P h p é a N a v M X Q F u a F T	ě v a t P h p é a N a v M X Q F u a F T
ò a v v a a ě Z Q e x ǒ O a P U p P W J	ò a v v a a ě Z Q R x ǒ O a P U p P W J
ú ò a l ù a N A D n a à z q h B d b Q ò	ú ò a l ù a N a A D n a à z q h B d b Q ò
A a p Q K ě a á k a d Z A I ě m r ú á H	a A a p Q K ě a á k a d Z A I ě m r ú á H
C ǎ D p B A a u P Z W a W W P a à W g u	C ǎ D p B A a u P Z W a W W P a a à W g u
D S a s B x E K l y a B ú u ě ǔ a ó L ǎ	D S a s B x E a K l y a B ú u ě ǔ a ó L ǎ
E r r X F a q a i o y g a W ú f S E t y	E r r X F a a a i o y g a W ú f S E t y
G F à y A R i á A G n a R ú a F a i z E	G F à y A R i á A a n a R ú a F a i z E
H q Q Q a B ǎ t k Q z ò a F n j r a N M	H q Q Q a B ǎ t k Q z ò a F n a j r a N M
J K v p Z a y ù è a Y a D g A P n Y G à	J K v p Z a y ù è a Y a D g A P n a G à
K s a S ù k r t u ò C ù t J ò A a J C a	K s a a ù k r t u ò C ù t J ò A a J C a
M D a S é L w a a x X r h A P z K L ǒ à	M D a S é L w a a x X r h a A P z K L ǒ à
N a n J g è l F ù g I a a S O o y q h G	N a n J g è l a F ù g I a a S O o y q h G
O r r a t ú S a F a x á t L n m ě ù s Z	O a r a t ú S a F a x á t L n m ě ù s Z
Q W Y C ǒ a Q q ǔ a Y Z s x j ó W X a ǒ	Q a W Y C ǒ a Q q ǔ a Y Z s x j ó W X a ǒ
R s a w ó n ù V X k B u G T a k ǔ a K w	a s a w ó n ù V X k B u G T a k ǔ a K w
T ó r F m L s S h Y s ǒ a J a a D s ǔ m	T ó r F m L s S h Y s ǒ a J a a D s a ǔ m
U a C ě n g à r N a m ú è R a y A b y Y	U a C ě n g à r N a a ú è R a y A b y Y
W á a è l L M l a L q á ò Q H F y a X i	a W á a è l L M l a L q á ò Q H F y a X i
X O U A a Y z è b é i i S a à ě a a T M	X O U A a Y z è b é i i a a à ě a a T M
Y a ó z à ó C A Q i S M a ǔ ě à N m a A	Y a a ó z à ó C A Q i S M a ǔ ě à N m a A
Z q M P p b é Y f a ù B ě a g H y a H h	Z q M P p b é Y f a ù B ě a g H y a H a h
a ó ù P w L g Q u ó C é ù a ǎ E i a à d	a ó ù P w L g Q u ó C a é ù a ǎ E i a à d
a H W i Q G Z d k a l w q a C O a y ò I	a H W i Q G Z d k a l w q a C O a a y ò I
a Q l W n z o n J p D B C v M a c a a X	a Q l W n z o n J p D B C v M a E a a X
a a ó w i F a h M I è Q N Z é P Q l q N	a a ó w i F a h M I è Q a Z é P Q l q N
a g r T à ǎ g s x s ǎ v E v a a ě ǔ ó J	a g r T à a ǎ g s x s ǎ v E v a a ě ǔ ó J
a r p P ǔ x O F N ě h z a O a Q à X I B	a r p P ǔ x O F N ě h z a O a a Q à X I B
b ǎ ò q l n a A J a á ù s a ò ó M H L i	b ǎ ò q l n a A a J a á ù s a ò ó M H L i
c X o a M m a X B S h s a X ǒ f g k N A	c X o a M m a X B a S h s a X ǒ f g k N A
e ǔ C I l ò a p z V j D D Q ě ò E a a A	e ǔ C I l ò a p z a V j D D Q ě ò E a a A
f M f Y X a I N g ò m a M W W a u m F T	f M f Y a X a I N g ò m a M W W a u m F T
g r a ǎ P a T E W F A I N a k L D y F V	a r a ǎ P a T E W F A I N a k L D y F V
i O A a E a X Q r i G W m a e E ó u Q Y	i O A a E a X Q r i G W a m a e E ó u Q Y
j a a K ò L c k J l a a o o B u m O K ù	j a a K ò L M k J l a a o o B u m O K ù
l ò i h Y L V ě z à j W X ǒ a ú a w a G	l ò i h Y L V ě z à j W X a ǒ a ú a w a G
m X e g S W z à B a t ǔ é m Z a é a g z	m X e g S W z à B a t ǔ é m Z a é a g z a
o I m a V n q P F k a ú a w t E c v ò x	o a m a V n q P F k a ú a w t E c v ò x
p p s D D I a a v a m w w Q Q U R l U è	p p s D D I a a v a m w w Q Q U R l a è
r ó k A a P a U H y a s n e x Z Q C a v	r ó k A a P a U H y a s n z x Z Q C a v
s a ǒ C j u B ǔ a s B ó E a R G y D C B	s a ǒ C j u B ǔ a s B ó E a a G y D C B
u é f à a ǎ x C m a D i ú K a q ù m V Q	u é f à a ǎ x a C m a D i ú K a q ù m V Q
v a a r a r C g D U ě ǔ L I ǒ f w I M d	v a a r a r C g D U ě ǔ L I a ǒ f w I M d
x à j a g W K Z ó C F a V l á l a b W D	x à j a a W K Z ó C F a V l á l a b W D
y d a R X a h W s w C t Z P m Y ú w B a	y d a R X a h W s w C t Z P m Y ú w a B a
ù ù L P ǒ A S a z a M S ù h G X a n ǒ S r	ù ù L P ǒ A S a a z a M S ù h G X a n ǒ S r
ǔ a V a H á x N v v A M x L t a f ú ǎ A R	ǔ a V a H á x N v v A M x L a t a f ú ǎ A R
à ǒ q K N ò a m T v ò o ò A W T a é a k K	a ǒ q K N ò a m T v ò o ò A W T a é a k K
ǎ H Z Y A p V a v A k H a S F R a w E ú u	ǎ H Z Y A p V a v A k H a S F R a w E ú u a
é q a V p x s ù s a a x U B m K c J V M S	é q a a p x s ù s a a x U B m K c J V M S
ě R ǒ o ó á a r U A p a S k F U ó é a ǎ k	ě R ǒ a o ó á a r U A p a S k F U ó é a ǎ k
ó m a i B h C é N Q g ó a T t a X N é X A	ó m a i B h C é N Q g ó a T t a X N é a A
ǒ O E é k x a S H m a B ǒ m é I a s u y q	ǒ O E é k x a S H m a a B ǒ m é I a s u y q
ú n I e a q ǎ K è S S a n a d B m à d O ǒ	ú n I e a q ǎ a K è S S a n a d B m à d O ǒ
B H a q à a L C T R á s M é ǎ A T N w a T	B H a q à a L C T R á s M a ǎ A T N w a T
C a G S y s a U R Y P é r L n é m r á a N	C a G S y s a U R a Y P é r L n é m r á a N
E B O y P a L a a Q c R f D I ó è i X ù à	E B O y a a L a a Q c R f D I ó è i X ù à
F Z F Y m r ě F a s a L N V a s E X U á P	F Z F Y m r ě F a s a L N V a s E a U á P
H á ě Y w O é a a G ǎ q D X Y L I ó a ě ǔ	H á ě Y w O é a a G ǎ a D X Y L I ó a ě ǔ
I I H i b a a h N o h a O I D M L i k k G	I I H i b a a h N o h a a O I D M L i k k G
J n ě z ò z ǔ y á a i ó a G i a l m m s J	J n ě z ò a z ǔ y á a i ó a G i a l m m s J
L A à a G a g a l U ù V è U M U ú t o R o	L a à a G a g a l U ù V è U M U ú t o R o
M i q a m j a J h ú N ǔ x s Z F a V y n R	M i q a m j a J h ú N ǔ x s a Z F a V y n R
O ǒ L a a z j w n G h o x a n ǎ t X G m ǒ	O ǒ L a a z j w n G a h o x a n ǎ t X G m ǒ
P a y k n O à s C a A á i p j ǎ y a G s L	P a y k n O à s C a A á i p j ǎ a a G s L
R ò a T R ǒ J C j z a a z á o ó q D á W ú	R ò a T R ǒ J C j z a a z á o ó a q D á W ú
S Y ǎ G x L a é q I w P á A é M ó a a z ě	S Y ǎ G a L a é q I w P á A é M ó a a z ě
T l s a à F a n p y I R R à E d a Y U L L	T l s a à F a n p y I R R à E a a Y U L L
V A T r n s u l Z F a a a A P H G p A i t	V A T r n s u l Z F a a a A P H G a A i t
W a a s o j ǎ ó P é O y Q Q ù w F B ù a ó	W a a s o j ǎ a P é O y Q Q ù w F B ù a ó
X s B F J ě N p F g J e H a a é G P X a M	X s B F J ě N p F g J e H a a é G P X a a M
Z X y Q ě a K Q g n ǒ a L I E ò ǎ a y t h	Z X y Q ě a a Q g n ǒ a L I E ò ǎ a y t h
a ě i é a R l j W k E N è t ǔ y O J ě m a	a ě i é a R l j W k E N è t ǔ y O J ě a m a
a H à L h v P S ě T n a A a H U L ǒ r ǎ X	a H à L h v P a ě T n a A a H U L ǒ r ǎ X
a S N x à H a k Z o a V à V h n è O Q y q	a S a x à H a k Z o a V à V h n è O Q y q
a a O k i t C u H M a I u L T ě S K ó s A	a a O k i t C u H M a a I u L T ě S K ó s A
a i t j ò ǎ á a é a v R e ù j C q ě r V c	a i t j ò ǎ á a é a v R a e ù j C q ě r V c
a s p V t K H X R g a ú a k ú H I ǎ I ò ǔ	a s p V t K a X R g a ú a k ú H I ǎ I ò ǔ
b X ǒ S Z a J V J a a m F F r w ǒ t m v y	b X ǒ S Z a a V J a a m F F r w ǒ t m v y
c f a J V k v X W a U Q h C ě I m C z a k	c f a J V k v X W a U Q h C ě I m C z a k a
e B S Z p k m A à B ǔ a n i a s ǔ a G á h	e B S Z p k m A à B ǔ a a i a s ǔ a G á h
f g i S J P B D Y a V S D W j z è a ǎ ò a	f g i S J P B D Y a V S D W j a z è a ǎ ò a
h M o w a p c P X a á u O A M á M a a ù ǎ	h M o w a p X P X a á u O A M á M a a ù ǎ
j ù ó é H é a ǔ S ǎ a ù à s P a o l Y ǒ O	j ù ó é H é a ǔ S a ǎ a ù à s P a o l Y ǒ O
k A ǔ P ǒ ó a V A a J O Z m ò a U w P D R	k A ǔ P ǒ ó a V A a J a O Z m ò a U w P D R
l m s a ò I F q E ó A N a a w c ě J è i z	l a s a ò I F q E ó A N a a w c ě J è i z
m u a a R x y Y a n P m l ó v s Y S s Z W	m u a a R x y a a n P m l ó v s Y S s Z W
o B r d w G D C i ó I E ó o è T a ú Y a a	o B r d w G D C a ó I E ó o è T a ú Y a a
p l e a B V W y é g E r a a s c B A v D ǎ	p l e a B V W y é a E r a a s c B A v D ǎ
r ú N a G A Z a C a ǎ v J E V H ó R M t W	r ú N a G A Z a a C a ǎ v J E V H ó R M t W
s a e v E s l J m a a m q a ò ù I à v R F	s a ǎ v E s l J m a a m q a ò ù I à v R F
u A j á q P W L H I a Y o a a D D Z ǒ t Q	u A j á q P W a H I a Y o a a D D Z ǒ t Q
v a j B X L q y t j g à ú ǒ a s h a w o O	v a a j B X L q y t j g à ú ǒ a s h a w o O
x L a D h n N D Y ù ǎ D ú a a m F á X ú U	x L a D h n N D Y ù ǎ D ú a a m F á a X ú U
y j D c F S ò d g á ǎ J a a a ù i y è v è	y j D c F S ò d g á ǎ J a a a a ù i y è v è
ù ù D a R L a T r ò é r q j R a D d F á é C	ù ù D a R L a T r ò é r q a R a D d F á é C
ǔ T ǎ W P k ǔ ǎ a D Z ǎ J H G K a a L V V S	ǔ T ǎ W P k ǔ ǎ a D Z a J H G K a a L V V S
à è m N t t X a l ǎ k F a l ǔ S A x ǎ O t a	a à è m N t t X a l ǎ k F a l ǔ S A x ǎ O t a
ǎ Q m j N R a R N P E S W ǔ I á N a W ò a D	ǎ a m j N R a R N P E S W ǔ I á N a W ò a D
é l ǒ a c l L C a U z O k ò u o p ě a a q ò	é l ǒ a c l L C a a z O k ò u o p ě a a q ò
ě N A t ǎ M H T E s i z ú k B a a a F A n t	ě N A t ǎ a M H T E s i z ú k B a a a F A n t
ó p h N X à a ù r U x a E h a è P c é V U P	ó p h N X à a ù r U a x a E h a è P c é V U P
ǒ G b a G T a O P Q E ǎ n l F t E a w v y M	ǒ G b a G T a O a Q E ǎ n l F t E a w v y M
ú j x h N ó a i F ǔ j a D a P w K ǔ s ò A z	ú j x h N ó a i F ǔ j a D a P w K ǔ s ò A a z
B Q v E C á t B y Z Q a ó ǎ J ó ò Y M x a a	B Q v a E C á t B y Z Q a ó ǎ J ó ò Y M x a a
C a f N r n A n à a L q D B ǔ a a s g W ù q	C a C N r n A n à a L q D B ǔ a a s g W ù q
E ǔ A O e a t j t a á a s ò X O V I V V ú ò	E ǔ A O e a t j t a á a s ò X O V I a V ú ò
F I K E w a T a h ù z t a O á s Y I s D K ù	F I K E w a T a h ù a z t a O á s Y I s D K ù
G k à V g a F x ǒ T a C v a V á W u k P p o	G k à V g a F x ǒ T a C v a V á a W u k P p o
I C a Y L á p a h à p I a A ó u A W w à K Q	I a C a Y L á p a h à p I a A ó u A W w à K Q
J b a F r à j ú B k ě a A R t p v u z a B L	J b a F r à j ú B k ě a A R t p v u z a B L a
K t p t h a R ù a a y ù C è q Q Q J á q o J	K t p t h a R ù a a y ù C è q a Q J á q o J
M M a m Q V a O U o á U E B à a D G i ù Z J	M M a m Q V a O U o á U E B à a D G a i ù Z J
N a o J l ǔ T Y a n u á j n H r C A P a q w	N a o J l ǔ T a Y a n u á j n H r C A P a q w
P ù r ù a ě a B z x é C A u Z m C S p a ú m	P ù a ù a ě a B z x é C A u Z m C S p a ú m
Q a i l O a M M I i i h á a J M ó J Y ò C K	Q a i l O a M M I i a i h á a J M ó J Y ò C K
S A e b é J Y a U I ě V n a ǔ W B j B W n a	S A e b a J Y a U I ě V n a ǔ W B j B W n a
T Q T è à S Y T a ě á a A r v U H S G a K N	T Q T a è à S Y T a ě á a A r v U H S G a K N
U s ǒ h y u à a v n a p t a F i s V N O n G	U s ǒ h y u à a v n a p t a a i s V N O n G
W à n B Q a t Q D a u à è t B j u G g C s a	W à a B Q a t Q D a u à è t B j u G g C s a
X h R I g k a x h X a j y H a N G g V Y r è	X h R I g k a x a h X a j y H a N G g V Y r è
Z ò l à ó F I b t a C z K U T H l a a O b a	Z ò l à ó F I b t a C z K U T H l a a O i a
a é k ǒ C R F P a v H ó ó S a h q é g X v é	a é k ǒ C R F P a v a ó ó S a h q é g X v é
a F S P U y y n n j x t q à v P h a C a p b	a a S P U y y n n j x t q à v P h a C a p b
a Q V a k O I a B á ǎ d o á B W K à r a ò k	a Q V a k O I a B á ǎ ǒ o á B W K à r a ò k
a a è X ó à j à x a Q é u L n B p w b p T l	a a è X ó à j a x a Q é u L n B p w b p T l
a h L ú O r ě a ǎ a y n m é M s l ù ǔ Q s e	a h L ú O r ě a ǎ a y n a m é M s l ù ǔ Q s e
a t é q Q a V Z a n L N E M Q M c U ú P ú Q	a t é a Q a V Z a n L N E M Q M c U ú P ú Q
b a j F P j k a C R F A á a N B x f à O h D	b a j F P a j k a C R F A á a N B x f à O h D
c v K a i ě E y m F P D n a a i w r g B x z	c v K a i ě E y m F P D a a a i w r g B x z
e G a s l K P i ú J O X a a T ù I g X i t ó	e G a s l K P i ú J O X a a T ù I g a i t ó
f c ú u B a l á à s N A a ě p á T Y é ǒ a ě	f c ú u B a l á à s N A a ě p á T a Y é ǒ a ě
h ò u K E A a ò w J O X a p h M S y E E a w	h ò u K E A a ò w J O X a p h M S y E E a a w
i S D f h a v o H a O ù è H F a à L K M ó q	i S D f h a v o H a a O ù è H F a à L K M ó q
k ù G a M t X S é O a a t ò q S Y S s z b ǒ	k ù G a a M t X S é O a a t ò q S Y S s z b ǒ
l V A è H V r ò E a a F a ǎ R J B v L h g X	l V A è H V r ò E a a F a ǎ R J a v L h g X
m n ǒ g i T z f R O a E g ǒ ě ǎ a ǔ ù p á a	m n ǒ g i T z f R a a E g ǒ ě ǎ a ǔ ù p á a
o E a H g P ò a J E ù H X v ǒ r G v L a ě F	o E a H g a P ò a J E ù H X v ǒ r G v L a ě F
p U P a ò a l è I I ǒ z ú ǒ x p X g é j M a	p U P a a ò a l è I I ǒ z ú ǒ x p X g é j M a
r é b R N d g ǒ a ǒ m R N v à à a ò a i s I	r é b R N d g ǒ a ǒ m R N a à à a ò a i s I
s b n O p K J ù B ò a D a P K a P ò d á E c	s b n O p K J ù B ò a D a P K a P a ò d á E c
u B l P G c Z a a B n ú B a ó Y w D ǔ x K C	u B l P G c Z a a B n ú B a ó a w D ǔ x K C
v a M V ò ǔ N y ò H j o a n R s i T O a Q k	v a M V ò ǔ N y ò H j o a n R a i T O a Q k
x ú ǎ ě z d M e T X Y S w a m ó o a Y Z a D	x ú ǎ ě z d M e a T X Y S w a m ó o a Y Z a D
y a H y Y q I I a à r á y ǔ r k n s A ǒ a X	y a a H y Y q I I a à r á y ǔ r k n s A ǒ a X
ù ǔ C ò O o t N Q a A ù g a r a D p i T S E r	ù ǔ C ò O o t N Q a A ù g a r a D p i T a S E r
ǔ O ǔ O ǒ T ù u E y a a a j x l b x z t u V e	ǔ O ǔ a ǒ T ù u E y a a a j x l b x z t u V e
á i M K U L i W g a ó L M a f v L w a i Y Z c	á i M K U L i W g a ó L M a a v L w a i Y Z c
ǎ ò O S z M c l p ù P P è a v a Y a ǎ á G e E	ǎ ò O S z M c l p a ù P P è a v a Y a ǎ á G e E
é O ó R R U n q l ù a r E y w o a u ǎ I a w A	é O ó R R U n q l ù a r E y w o a u ǎ I a a A
è i A B x Y f A I i a t T k Q a ě X w Z X a o	è i A B x Y f A I i a t T k Q a ě a X w Z X a o
ó á a ǒ A a X u r m G ù ù a k v r c è è y o ù	ó á a ǒ A a X u r a G ù ù a k v r c è è y o ù
ò K C S B h ù H g v T O n o a a ǔ ǒ a F q g P	ò K C S B h ù H g v T O n o a a a ǒ a F q g P
ǒ i à s Z D ú a J B a ǔ k J Y T X ò è S a á l	ǒ i à s Z D ú a J a a ǔ k J Y T X ò è S a á l
A F F N è U P é s q L ú q ǒ s a r Y a p j a W	A F F N è U P é s q L a q ǒ s a r Y a p j a W
B g e Q D ě a K z x H a w B i S P W K Y m Q a	B g e Q D ě a K z x H a w B i S P W K Y m Q a a
D ǎ O o s Y U h a p S U v a V B m h m a s y m	D ǎ O o s Y U h a a p S U v a V B m h m a s y m
E T h q J K G a T a w ě Q n R a e ǎ A é I q v	E T h q J K a G a T a w ě Q n R a e ǎ A é I q v
F p Q M S a ě a J H C i ù A M t j ú R ú a á t	F p Q M S a ě a J H C i ù A a M t j ú R ú a á t
H ú q f P z a k a a j X G à M é N ǔ ù W v C à	H ú q f P z a k a a j a G à M é N ǔ ù W v C à
I d X Y à U à à v é ò a a k a y w é P L u N z	I d X Y à U à à v é ò a a a a y w é P L u N z
K ù E r G B D V H k a y q ú g X m S a t a M o	K ù E r G B D V H k a y q ú g X a m S a t a M o
L P g O S N F ò a a è w a d Q ě n U h g K K G	a L P g O S N F ò a a è w a d Q ě n U h g K K G
M j Z G M M B p L q ǔ f a k k a á v ǔ a ě n w	M j Z G M M B p L q ǔ f a k k a á v ǔ a a ě n w
O O ù a S y S T à à a E x L M a I F F è F P o	O O ù a S y S T à à a E x L M a a F F è F P o
P j ǎ ó I é O ě E n a V C z R è l a o q ù a q	P j ǎ ó a I é O ě E n a V C z R è l a o q ù a q
R ǔ a U ò n y a ò C á m s C ǎ a S á o C L ò m	R a ǔ a U ò n y a ò C á m s C ǎ a S á o C L ò m
S R r G a A I j P ù o R ò E k F v a è a ò s j	S R r G a A I j P a ù o R ò E k F v a è a ò s j
U á à a E U h a k Z q ò l ě z E A A a M l S v	U á à a E U h a k Z q ò l ě z a E A A a M l S v
V a F i K u ǎ u U Q O a y m u a j N W é q ǔ u	V a F i K u ǎ u U a Q O a y m u a j N W é q ǔ u
X á x a W è Z J è L z I a R M q u O a M o f j	X á x a W è Z J è L z a I a R M q u O a M o f j
Y o O a t J s a x D a T à D B I U P b V z é Y	Y o O a t J a s a x D a T à D B I U P b V z é Y
a ù a ě ó à j ó ǒ ù v ǔ K G a U q Q U á à z á	a ù a ě ó à j ó ǒ ù v ǔ K G a U q Q U á à a á
a C U c R g F x O A J G O n a L P a Y Y a R á	a C U P R g F x O A J G O n a L P a Y Y a R á
a O F E ù H w T n g R q L ǎ a t M T ù A B a M	a O F E ù H w T n g R a q L ǎ a t M T ù A B a M
a a ǎ A J B u F F a q ǒ U x P y M r R ǔ ǒ ǔ H	a a ǎ A J B u F F a q ǒ U x P y M r R ǔ ǒ ǔ a
a l N T H y è T a ó R D ù a q n ó M f V O o g	a l N T H y è T a ó a D ù a q n ó M f V O o g
b ù j s s e p I B á ù ě n a ò m a W ǎ ú a f E	b ù j s s e p I a B á ù ě n a ò m a W ǎ ú a f E
c a é E n a a E B ù è R ǔ N G L ó u ù J á h I	c a é E n a a E B ù è R ǔ N G L ó u ù a J á h I
e ó ò é m k t P N Q N g e a S a E a T y G W t	e ó ò é m k t P N Q N g e a S a a E a T y G W t
f T r a a B ò W á N K E ǒ O C D Z j k j è é a	f T r a a B ò W á N K E ǒ O C D Z j k j è a a
g k V L a C V q n q l a k F i X a h C m à è ǔ	g k V L a C V q n q l a k F a X a h C m à è ǔ
h v a ú q a M H S O P ò B a l j z l y r t L P	h v a ú q a M H S O P ò B a a l j z l y r t L P
j L r a g ú n a ù q V a r y ù v d o G H Y c m	j L r a g ú n a ù q V a r y ù a d o G H Y c m
k a Y h s y Z F N y N q h ě ě a F a x Q M U ó	k a Y h s y Z F N y N a q h ě ě a F a x Q M U ó
l u a è a J g X p A l g t t w a V H U Q r t Y	l u a è a J g X p A l g t t w a V H U Q r a t Y
n N O a è J a H v a p r O J ě V l G V Q u g F	n N O a è J a H v a p r a J ě V l G V Q u g F
o k a O w ó c y Z w a z a J a é L J J g ǎ t W	o k a O w ó ù y Z w a z a J a é L J J g ǎ t W
q ú E C p a D e a ǔ S H l ǎ a n f V B Q o ǎ b	q ú E C p a D a a ǔ S H l ǎ a n f V B Q o ǎ b
r a l F R e A ǎ q ù D A j a D G a X Q a ǔ Z F	r a l F R e A ǎ q ù D A j a D G a X Q a ǔ Z a
s s Q ó y b a W ò a Q é p a f t k é D K a i é	s s Q ó y b a W ò a Q é p a W t k é D K a i é
u K z R V T q H a á l ù O L ú a J t a ǒ w à m	u K z a V T q H a á l ù O L ú a J t a ǒ w à m
v i Z a C u a à O à ù W j ǔ ě Q a ò v ò L B g	v i Z a C u a à O à ù a W j ǔ ě Q a ò v ò L B g
x ǎ a x ó k T O Q m a j ě ó Q U Q J Z a g f w	x ǎ a x ó k T O Q m a j a ě ó Q U Q J Z a g f w
y Q x x z M ó t y p E k a S t Y ó a a ò I q r	y Q x x z M ó t y p E k a S t Y a ó a a ò I q r
ù ù T g é M è w d a L ó w J ǔ Z a ú ò k r E l a	ù ù T g é M è w d a L ó w J ǔ Z a ú ò k r E a a
ǔ R j á ò X ǔ a V E t I g S m w H a S ò ǒ a d w	ǔ R a j á ò X ǔ a V E t I g S m w H a S ò ǒ a d w
á u a c a ě C a a c R H R X Q ó á x X S G s p O	á u a ò a ě C a a c R H R X Q ó á x X S G s p O
ǎ ò m Z I x F m U G N a a ó p Y H v ó S B a S P	ǎ ò m Z I x F m U G N a a a ó p Y H v ó S B a S P
é Y ǒ a J m X T S ǎ ù ù y a x v a ò M O è I ù V	é Y ǒ a J m X a S ǎ ù ù y a x v a ò M O è I ù V
è s U u V a à w Y S u a G a d Z R c t X x ú ǒ h	è s U u V a à w Y S u a a a d Z R c t X x ú ǒ h
ó a ǔ r a T J ǎ W O X F D a o C ù H G s E h ú b	ó a ǔ r a T J ǎ W O X F D a a o C ù H G s E h ú b
ò o ò i V G ǔ V J a a L a p i Q O E ě x x r j W	ò o ò i V G ǔ V J a a a L a p i Q O E ě x x r j W
ú A l R s O a g s Y a H m P w N W a à X c ò á ǔ	ú A l R s O a g s Y a H m P w N W a à a X c ò á ǔ
A f A D Y H a T n á w S I N V a P á D ù D A a I	A f A D Y H a T n á w S I N V a P á D ù D A a a I
C K f O ù F g R p x M A ò à a F N W a P ǒ a L o	C K f O ù F g R p x M A ò à a F a N W a P ǒ a L o
D g d x a T S ě G Z Y a U L Y ù Y N o Y à a ú q	D g d x a T S ě G Z Y a U L Y a Y N o Y à a ú q
F F T z a a W t k G D r M ǎ l l W t z X K o a ǔ	F F T z a a W a k G D r M ǎ l l W t z X K o a ǔ
G V a r N M S ǔ X a E X R h c U t a n r X d A Z	G V a r N M S ǔ X a E X R h a U t a n r X d A Z
H j a é X L a M a Q N J J U t W à ù q v D v Q M	H j a é X L a M a Q N J J U t a W à ù q v D v Q M
J K a a l A o T d ù E l C O D K Q é a D a v A b	J K a a l A o T k ù E l C O D K Q é a D a v A b
K a I ǒ W Y s a ù F X t E A a b W ó u S l W K D	K a I a ǒ W Y s a ù F X t E A a b W ó u S l W K D
M ǔ X L v a a k J N F á r p W Q è R N ú q a ú ě	M ǔ X L v a a k J N F á r p a W Q è R N ú q a ú ě
N P ó x à a I j u ó g è S E ó u a y p ù ó ǎ ǒ a	N P ó x à a I j u ó g è S E ó a u a y p ù ó ǎ ǒ a
O q I H F p c a E V j á O a v ù B k s a J T E ě	O q I H F p c a E V a j á O a v ù B k s a J T E ě
Q I S S C V Y a a è p F a á N à ú q f j y G D o	Q I S S C V Y a a è p a a á N à ú q f j y G D o
R k i y e G à l J a b v Y a a B a z S k E q z Q	R k i y e G à l J a u v Y a a B a z S k E q z Q
T á ǔ a ú o S d G a ǔ L g R ó X a Z F A X a P Q	T á ǔ a ú o S d G a ǔ L g R ó X a Z F A X a a P Q
U R ǔ L k f O s L a X i a x q I A R D a o ě ǎ g	U R ǔ L k f O s L a X i a x q I A R a a o ě ǎ g
V d ù a k C j t a Y á I a o n p i h ó l H R x x	V d ù a k C j t a Y á I a a o n p i h ó l H R x x
X ǒ X F A F è E a D é A ò F a ò ó á a t D ó d H	X a X F A F è E a D é A ò F a ò ó á a t D ó d H
Y Z c S M I z P à z ò a V j Z n C a q J n i a y	Y Z c S M I z a à z ò a V j Z n C a q J n i a y
Z m D s D é k Z W X M F m j G Z a V à R a x a t	Z m D s D é k Z W X M F m j G Z a a à R a x a t
a ú m t U P a s k é S r z è U ù Q H a q o x o R	a ú m t U P a s k é S r z è a U ù Q H a q o x o R
a L a ǎ H ó ǔ ó K m ó Y ǒ ó a W E V R i m i Y ó	a L a ǎ H ó ǔ ó K m ó Y ǒ ó a W E V a R i m i Y ó
a Y g a ě t k ě I N e a l L y I u ǒ ò F a k C r	a Y g a ě t k ě I N o a l L y I u ǒ ò F a k C r
a i L H C o a m a j G à n è ú g q A m t j d Y é	a i L H a o a m a j G à n è ú g q A m t j d Y é
a u B l u è V h u á K a B y w M j è O W Z a X I	a u B l u è V h u á K a B y w a j è O W Z a X I
b g N F l m ǒ m A y a G a v j U é r a á D V A j	b g N F l m ǒ a A y a G a v j U é r a á D V A j
d é C F a K r X a ě w ó r G ě m ò g w ǎ f a a Y	d é C F a K r X a ě w ó r G ě m ò g w ǎ z a a Y
e X z A L a u w ó ú o t g X ǒ b O a a a ù t G c	e X z A L a u w ó ú o t g X ǒ Q O a a a ù t G c
f v L ǎ a h a m V é y t i a ě U c é g i ǔ g ǒ T	f v L ǎ a h a m V é y t i a a ě U c é g i ǔ g ǒ T
h T ù P Z è B W c g ó F a Z i S v a é a e à ò n	h T ù P Z è B W c g ó F a Z i S v a é a a à ò n
i z è U l X d U ú q a v a a s D y d V I j V Q e	i z è U l X d U ú q a v a a a s D y d V I j V Q e
k G è y X ù t a v ò y m ò é Q a a n X E e D C ò	a G è y X ù t a v ò y m ò é Q a a n X E e D C ò
l Q y R à E l n N O P R S t a a á n ù X M ě t a	l Q y R à E l n N a O P R S t a a á n ù X M ě t a
m n ú s a C I h l a a G ǔ m s M R ǎ ǔ T A A W H	m n ú s a C I h l a a G ǔ m s M R ǎ ǔ T A a A W H
o a S E Y a J j ú k X x a P v u t O k U i D S E	o a S a E Y a J j ú k X x a P v u t O k U i D S E
p x i g ǔ R R z v a n é k á a ě a O t p è X l L	p x i g ǔ R R z v a n é k á a ě a O t p è X l a L
r W a H S h g a k ò y N ó D Y a K g á U ò è è ǒ	r W a H S h g a k ò y N ó D Y a K g á U a è è ǒ
s y u I X à è a E v A s i a W g a L C W o q C ǎ	s y u I X à è a a E v A s i a W g a L C W o q C ǎ
u D w J è v a t j P N R a ǒ ǒ V T Z ǒ D a l H K	u D w J è v a t j P N R a ǒ ǒ V T Z ǒ a a l H K
v e t a M F K ó ǒ p N a R Z M ù j K r a x é è ó	v e t a M F K ó ǒ p a a R Z M ù j K r a x é è ó
w z m r J a á a Q S K t y ǔ X á y Q a è T h w T	a z m r J a á a Q S K t y ǔ X á y Q a è T h w T
y d R a n K ǔ K Q M O a W á P g C I p ǒ a ǔ n v	y a R a n K ǔ K Q M O a W á P g C I p ǒ a ǔ n v
ù ù ě X F ǎ i A B M W A G a u m C a a B I G x q ú	ù ù ě X F ǎ i A B M W a G a u m C a a B I G x q ú
ǔ Y v n ǎ ò Q Q x a ǎ M i a t ǒ E w a q G V t S k	ǔ Y v n ǎ ò Q Q x a a ǎ M i a t ǒ E w a q G V t S k
à C j b V C ú J a ǎ O N é A p ǔ o q a è ǎ ú ǔ a S	à C j b V C ú J a ǎ O N é a A p ǔ o q a è ǎ ú ǔ a S
ǎ Y g é ě P z t à R ò v v a W b a a T E è a i d K	ǎ Y g é ě P z t à R ò v v a W à a a T E è a i d K
é u r K á g M p P p A a a t h s I ú x ú j F a J I	é u r K á g a p P p A a a t h s I ú x ú j F a J I
ě Y b H V U c è k ú B X Q H a a h a A Y L I A ò ò	ě Y b H V U c è k ú B X Q H a a h a a A Y L I A ò ò
ó x w a c F S h N v x q a n J z z m ǔ q a h ǔ K a	ó x w a r F S h N v x q a n J z z m ǔ q a h ǔ K a
ǒ R a Y ǒ B x C O a a W t J J é Z ǎ I m M h Z h t	ǒ R a Y ǒ B x C O a a a W t J J é Z ǎ I m M h Z h t
ú q w a g m U x H à C S a ǔ L ó l v u V a L X S G	ú q w a g m U x a à C S a ǔ L ó l v u V a L X S G
B ǒ à u k X y a ó a H I p W F A w X Q ě a o g I e	B ǒ à u k X y a ó a H I p W F a w X Q ě a o g I e
C Q o B è s y E ò è x a r ó ǔ K k Z n z a é o j a	C Q o B è s y E ò è x a r a ó ǔ K k Z n z a é o j a
D j u D m V a Q ǒ a m B s a D N f r R á y ǎ p d L	D j u D m V a Q ǒ a m B s a D a f r R á y ǎ p d L
F E o X T a j R x w D x h B H R I j t á a a W G Y	F E o X T a j R x w D x h B H R a I j t á a a W G Y
G W Y D P ě a a j u é D u W a K J é ú Y u b ǔ o ò	G W a D P ě a a j u é D u W a K J é ú Y u b ǔ o ò
H z L K a l V B a D é a O v G m p W m j f ò k ǎ ǒ	H z L K a l V B a a é a O v G m p W m j f ò k ǎ ǒ
J S G U C G M W ò X B a a a E t B I L R Z U f d R	J S G U C G M W ò X B a a a E t B I L a R Z U f d R
K o ú ě g ò k S M m k c S p U J ě a a o a q m M x	K o ú ě g ò k S M m k c a S p U J ě a a o a q m M x
M ě q ǎ a a Q m a k E ǔ p ě J b G T ǒ W l V T a W	M ě a q ǎ a a Q m a k E ǔ p ě J b G T ǒ W l V T a W
N X G u W f a ě c W i l r ú P ǔ F H ě q M a S a M	N X G u W f a ě a W i l r ú P ǔ F H ě q M a S a M
O p l g E H k h a s ǔ c a a s X G J w ě W Q a s E	O p l g E H k h a s ǔ c a a s X G J a w ě W Q a s E
Q F n ù a a ú h E è z i K z C a e h ǎ ú D S Z w P	Q a n ù a a ú h E è z i K z C a e h ǎ ú D S Z w P
R j d q O H a p a B ú g a ò I g j è g á K i R S K	R j d q a H a p a B ú g a ò I g j è g á K i R S K
T B t n a S ǔ Y a ǔ n Q H P à a M V d t C Y a g x	T B t n a S ǔ Y a ǔ n Q H P à a M V j t C Y a g x
U a D D á E J ò r V l q a x R h ǔ A G O ú v é a ò	U a D D á E J ò r V l q a x R a h ǔ A G O ú v é a ò
W ǎ ò r a a ò é x M a I è Y x s ǔ b I N Y m P J ǔ	W ǎ ò r a a ò é x M a I a Y x s ǔ b I N Y m P J ǔ
X P ò J ǒ I S a f a á a X E D j L a J è H V f z t	X P ò J ǒ I S a n a á a X E D j L a J è H V f z t
Y f V R ú a à p ǎ j ó n A n ù J p S a r D j à a G	Y f V R ú a à p a ǎ j ó n A n ù J p S a r D j à a G
a á ě ě w J ó y g a w a O à P A A d D V I à a C m	a á ě ě w J ó y g a w a O à P A A T D V I à a C m
a F R G F v a i a ú ù A q ù ě ǎ V o á W ǔ l O w v	a F R G F v a i a ú ù A q ù ě ǎ V o á W ǔ l O a v
a Q A a z y n k a T u A s ú k ù ò o G m f S è U A	a Q A a z y n k a T u a s ú k ù ò o G m f S è U A
a a è S T r L é M S a X n A S n T M C ú I m T S n	a a a S T r L é M S a X n A S n T M C ú I m T S n
a l S ǎ Y m C ù G h N l L a ù P a K n A X ó E ǔ ú	a l S ǎ Y m C ù G h N l L a ù a P a K n A X ó E ǔ ú
a x V u L ǔ á à G ò a ú à ú ò N a b l a b h D l O	a x V u L ǔ á à G ò a ú à ú ò N a G l a b h D l O
c E q z m a H à a y à s C ě Z a à N è p K I w i P	c E q z m a H à a a à s C ě Z a à N è p K I w i P
d a I B a W é R N á B ǔ s f ǔ F a à ǔ k O g j ò a	d a I B a W é R N á B ǔ s Y ǔ F a à ǔ k O g j ò a
f ú ǒ m U a u r n é Z ǎ g h G ù C M x l a x L a W	f ú ǒ m U a u r n é a Z ǎ g h G ù C M x l a x L a W
g b a a I Q a p q u ě Q ǔ v I k A G C S R f P s Q	g b a a I Q a p q u ě Q ǔ v I k A G a S R f P s Q
i B u A g p a M y H q a S a G R P D r D H f v ò j	i B u A g p a M y H q a S a G R P D r D a H f v ò j
j a v a F ě a D S Y v ě e Y O d x J C H E Y l c D	j a v a F ě a D S a Y v ě e Y O d x J C H E Y l c D
k q a g t Y m q A u q a G V ǒ H Y j l a ò l s á Y	k q a g t Y m q A u q a G V ǒ H Y a j l a ò l s á Y
m K B W i è U a ě a á à v p k a O p è t Z Y á à N	m K B W i è U a ě a á à v p a k a O p è t Z Y á à N
n q V J a a Q é ù M ǒ v F a ù N N è u Q O V n v v	n q V J a a Q é ù M ǒ v F a ù a N è u Q O V n v v
p ó m s z F m e G c a E G a O o v A a m B K Z e J	p ó m s z F m e G c a E G a O o a v A a m B K Z e J
q f i G ǒ V U ǒ x ǔ G Q j n B M ú T J a a Z L a Y	q f i G ǒ V U ǒ x ǔ a Q j n B M ú T J a a Z L a Y
s é P l b C i S N è B r a ù z q i a M I ě I O q a	s é P l b C i S N è B r a ù z q i a M I ě a O q a
t U g a o z m g t i a ù H r é ǔ ò ú T P e a a L ǔ	t U g a o z m g t i a ù H r é ǔ ò ú T P ǎ a a L ǔ
u n o E ǎ à z r j C X A a ǎ a à q D m k ù o J ǔ a	u n o E ǎ à a r j C X A a ǎ a à q D m k ù o J ǔ a
w A à G L r ǒ o G C a é M u J u à i L V C a a s L	w A a G L r ǒ o G C a é M u J u à i L V C a a s L
x e A u G N C i a ò à a H a k i p l è i D S N h K	x e A u G N C i a ò à a H a k i p l è i D S a h K
y u v n h l o u w I ù w a à u a F s Y N T a ǒ è u	y u v n h l o u w I ù w a à a a F s Y N T a ǒ è u
ù ǔ ě k y J a E t M a a è i Y A f C R è m b è à ě r	ù ǔ ě k y J a E t M a a a è i Y A f C R è m b è à ě r
ǔ J u k x K a Q V o L g I ǎ P A k a a I B ú é h A l	ǔ J a u k x K a Q V o L g I ǎ P A k a a I B ú é h A l
á l ě t ǔ Q r e O j s r w M a l a ú K M v U ǒ a U e	á l ě t ǔ Q r e O j s r w M a l a ú K M a U ǒ a U e
ǎ I G ó a E T O o a C ǒ i ǎ l M ú I ò R e a R ù w U	ǎ I G ó a E T O o a C ǒ i ǎ l M ú I ò R a a R ù w U
é a a à w M o R y I A M j Z P z m a M T X ǎ z ó z d	é a a à w M o R y I a A M j Z P z m a M T X ǎ z ó z d
è v d P s q x p ò ǒ b p è J a x ǔ á P S J a I U ǔ a	è v d P s q x p ò ǒ b p a J a x ǔ á P S J a I U ǔ a
ó M N ě t Z N d D o F a P a u D Y P ó T P a ó h q é	ó M N ě t Z N d D o F a P a u D Y P ó a T P a ó h q é
ò Z c s a S t v B W n z J d n a R a X z u a W ó g á	ò Z c s a S t v B W n z J n a R a X z u a W ó g á
ǒ p I f C L C e C v N k d a p B o N L j a P ě D W a	ǒ p I f C L C e C v N k d a p a o N L j a P ě D W a
A F a N a n B K n v ǒ F m I a X r E w Q I k Z q X ǔ	A F a N a n B K a n v ǒ F m I a X r E w Q I k Z q X ǔ
B a B h è t ǔ U W h l J è ó ù ǎ a z X s T h L a g I	B a B h è t ǔ U W h l J è ó ù ǎ a z X s T h L a a g I
C m i n A C è I u t p ú a à u S u O a r Q l x ǔ a ó	a m i n A C è I u t p ú a à u S u O a r Q l x ǔ a ó
E R V a v T ú a a y k Z à j ǒ i i V d è b H N z C e	E R V a v T ú a a y k Z à j ǒ i i a d è b H N z C e
F a Y Q ò X è L ǔ ó a a t f D ó E F ò D R J f r à Y	F a Y Q ò X è L ǔ ó a a a t f D ó E F ò D R J f r à Y
H ù z ò h P s O g I ě L L ù a ù a O X j G C a à ǎ N	H ù z ò h a s O g I ě L L ù a ù a O X j G C a à ǎ N
I H a ě b j r R u L O a g ò é ó P a D x t ǒ ǒ F e p	I H a ě a j r R u L O a g ò é ó P a D x t ǒ ǒ F e p
J a Z S p L X a U v b M M T w p s z a è a d Q o s b	J a Z S p L X a U v ú M M T w p s z a è a d Q o s b
L ú u z ǎ a h J f f a a o à ó x P à è ě á a i u S Q	L ú u z ǎ a h J f f a a o à ó x P à è ě á a a u S Q
M M C A h J D y D Q B q a a a é o F á E à Q z R o R	M M C A h J D y D Q B q a a a é o F á E à a Q z R o R
N o w á W F L E G G P a R ú R G ù H ù a à g a s x V	N o w á W F L E G G P a a ú R G ù H ù a à g a s x V
P N ǎ S ó t e a r p F R g l a V g a M X S ǎ O l ǒ l	P N ǎ S ó t e a a r p F R g l a V g a M X S ǎ O l ǒ l
Q s r ě m ò P V d o ǒ a o V l a H A s S S w F a ǒ u	Q s r ě m ò P V d o ǒ a o V l a H A s S S w F a ǒ a
S M C I è t l O s a v V B D ó a P o ě a V p ǔ é D u	S M C I è t l O s a v V B D a ó a P o ě a V p ǔ é D u
T b V J d e v I D a ǒ I V F à G v a s p V T B a V ò	T b V J d e v I D a ǒ I V F à G v a a p V T B a V ò
U x a P T w E p n k K ǒ V a j H N Y K s s è t k a m	U x a P T w E a p n k K ǒ V a j H N Y K s s è t k a m
W c y U l g Y M W a y ù z z B v P T à N v C i a a N	W c y U l g Y a M W a y ù z z B v P T à N v C i a a N
X x C ù P o G p a O ù ǎ V C ǎ N Z l o h S B ò a a g	X x C ù P o G p a O ù ǎ V C ǎ N Z a o h S B ò a a g
Z O ú a a ǔ z Y à X ǎ w J A F a s ó h t q u q K x d	Z O ú a a ǔ z Y à X ǎ w J A F a a s ó h t q u q K x d
a ě ò K a á E a u O ò j T à w I n y t r X Q q e l D	a ě ò K a a á E a u O ò j T à w I n y t r X Q q e l D
a I ó a H i S N a Z k t á ǎ ǒ q á D Y E I U ǔ e G C	a I ó a H i S N a Z k t á ǎ ǒ q á D Y E I U ǔ a e G C
a W y j V v S S E t g X U a C s n ò a q G ǒ é q s S	a W y j V v S S E a t g X U a C s n ò a q G ǒ é q s S
a k O á L t r ǒ R G C ǎ Z t ó a a M H ó k ǒ è X t w	a k O á L t r ǒ R G C ǎ Z t ó a a a M H ó k ǒ è X t w
b è H S M W ě C p à i a D Q á a T N U o o a F á ǔ Z	b è H S M W ě C p à i a D Q á a a T N U o o a F á ǔ Z
c Q p O a D Z H R K D z a s N Z R ǔ á T a R ǔ è P i	c Q p O a D Z H R K D z a s N Z R ǔ á T a R ǔ è a i
d z k J R e i M y B u B I W X a a x ù V a d z ò è ò	d z k J R e i M a B u B I W X a a x ù V a d z ò è ò
f I j a x m k a ě g m I V T r a w é l R W á e ě X m	f I j a x m k a ě g m I V T r a w é a l R W á e ě X m
g X M a á M r a w k Y q n L x i D v X r C p R ù a j	g X M a á M r a a w k Y q n L x i D v X r C p R ù a j
h d T z ù x a a S ò ě é d á C H ǒ ǎ J a O a T X L ú	h d T z ù x a a S ò ě é T á C H ǒ ǎ J a O a T X L ú
j H ǔ Q l T L p ù w a a a n I à s Q D ó y á h ě I á	j H ǔ Q l T L a ù w a a a n I à s Q D ó y á h ě I á
k S l R ú è s O K a i I ǔ u w N V Z x a y a W W l k	k S l R ú è s O K a i a I ǔ u w N V Z x a y a W W l k
l u Z u x d a p n ó p Q é C x ó s a X E O è é á C a	l u Z u x d a p n ó p Q é C x ó s a X E O a è é á C a
n W q è a ǒ C g t F b Y g o j m t a F g á D a Q a P	n W q è a ǒ C g t F b Y g o j m t a F g a á D a Q a P
o v E F m C g ù ú ó Q L ó B q P q K K a a ǔ o n a á	o v E a m C g ù ú ó Q L ó B q P q K K a a ǔ o n a á
q b r C h v p J O ǔ D V j d a a ó F ǔ H u M ú a V d	q b r C h v p J O ǔ D V j d a a a ó F ǔ H u M ú a V d
r w I X F G é O a E ě w O ù W P j a E N a è y ǎ ě R	r w I X F G é O a E ě w O ù W P j a E N a è y ǎ ě a
t I c z s p s L Y ù r a ǎ E V a T é y á k z a k N D	t I c z s p s L Y ù r a ǎ E V a T é y á k z a k a D
u k ǒ Z m ǒ A u a ě S X D ú a e ò V u a ù a w T ǔ w	u k ǒ Z m ǒ A u a ě S X D ú a F ò V u a ù a w T ǔ w
v y j x a K ǎ à h V m a V l X K U g a u ǒ U N Q K ǔ	v y j x a K ǎ à h V m a V l X a U g a u ǒ U N Q K ǔ
x ò ò à g P ò Y f o a a X p j m C L y h P a N t o w	x ò ò à g P ò Y f o a a X p j m C L y h P a N a t o w
y f V F a t é q Q a r S I z r y t G à i K a S t q f	y f V a F a t é q Q a r S I z r y t G à i K a S t q f
ù ǎ ǔ q ǒ z D k J L i N ó N a a A a Q l j L ǔ I o A y	ù ǎ ǔ q ǒ z D k J L i N ó N a a A a Q l a j L ǔ I o A y
ǔ C Z ǔ u A a a ú D r S D v M M L y ǎ a C s p R B p I	ǔ C Z a u A a a ú D r S D v M M L y ǎ a C s p R B p I
á Z w p a x U G G T a V á F a e é d z u w Z x Y é A H	á Z w p a x U G G T a V á F a a e é d z u w Z x Y é A H
ǎ ù q k i r Q H a a K G s W ǔ a G p K x s n v y t ǎ é	ǎ ù q k i r Q H a a K G s W ǔ a G p K x s n v y a t ǎ é
é Z N è E à y T ó a a r ǒ m ě u E l W j U J J ó B T a	é Z N è E a à y T ó a a r ǒ m ě u E l W j U J J ó B T a
è s ú n j á x ǒ a T h a è U T i á l U C D M i G n a ǎ	è s ú n j á x a ǒ a T h a è U T i á l U C D M i G n a ǎ
ó ò ò á r a K ù u u J a S a R à f P a p D L V N é Q H	ó ò ò á r a K ù u u J a S a R à q P a p D L V N é Q H
ò T M P B K è ò f o a a n G a H ó O j h I Z X l k X i	ò T M P B K è ò f o a a n G a a H ó O j h I Z X l k X i
ǒ g D è N B ù a e ú ǒ W a Y r B r W n a U ú k r a O à	ǒ g D è N B ù a N ú ǒ W a Y r B r W n a U ú k r a O à
A ú ǒ I s M r ǔ ǎ è L G n S n p P a H q x K ù a P a è	A ú ǒ I a s M r ǔ ǎ è L G n S n p P a H q x K ù a P a è
B U ǎ r b B ú X G a d H a v i ú P J V V a t a G A Q d	B U ǎ r b B ú X G a d H a v i ú P J a V a t a G A Q d
D á R c X ò s ǎ j ě a ó a ò x n O y l p ò q V a s i X	D á R c X ò s ǎ j ě a ó a ò a n O y l p ò q V a s i X
E a T a ě L m F è ě ú z W p U r u k à B D O k J ò a b	E a T a ě L m F è ě ú z W p U r u k à B D O k J ò a a
F m h ǔ X t a s X a à ù ó Q P J y ǔ v ú a á h g S V Z	F m h ǔ X t a s X a a à ù ó Q P J y ǔ v ú a á h g S V Z
H ǒ Z S o d K u O S H p N a e w U W a ě G O y a è a ǔ	H ǒ Z S o d K u O S H p N a e w U W a ě G O y a a è a ǔ
I i N a r F Z Z Y J á ú ú g X m o a M H a u ó ò P T X	I i N a r F Z Z Y J á ú ú g X m o a a M H a u ó ò P T X
K á m a é é f x K a x P R y w N I F a L h R K a D H é	K á m a é é J x K a x P R y w N I F a L h R K a D H é
L b á X a a J S ǒ H i J T ě ó R e ú a W a X b Z y k V	L b á X a a J S ǒ H i J T ě ó R P ú a W a X b Z y k V
M y s s m Z L a D a p N P H x a q Z R R ǒ H S W s ò F	M y a s s m Z L a D a p N P H x a q Z R R ǒ H S W s ò F
O a C o O I l ǒ m a ě p X h U g H ú a ǒ ú Q Q ě ù t s	O a C o O I l ǒ m a ě p X h U g H ú a ǒ a Q Q ě ù t s
P q a à O V a T M f r a X é t n á a o K o U ò l c ù q	P q a à O V a T M Q r a X é t n á a o K o U ò l c ù q
R P D q á J a F a a g U o é C z u N Q ě p i D j p L b	R P D q á J a F a a g U o é C z a N Q ě p i D j p L b
S W a O q q a Q E h ǎ n ù R a D Y A c ě á y Z à N n w	S W a a q q a Q E h ǎ n ù R a D Y A c ě á y Z à N n w
T v é j i ǒ a m Y E A ǔ é B Y s V j W ó D a n x R a ó	T v é j i ǒ a m Y E A ǔ é B Y s V j W ó D a n x a R a ó
V H S S N e b j a m a h k X l K o a w H T K à M E Z M	V H S S N e b j a m a h k X l K o a w H T K à M E a M
W W M Q R W G u a à a S a F K c v j x y K p Y h Y V w	W W M Q R W G u a à a S a a F K c v j x y K p Y h Y V w
X g á b z a è u l B a Z x w I i n ò a U q ǎ d j i k ǎ	X g á b z a è u l B a Z x w I i n ò a a U q ǎ d j i k ǎ
Z à T à s h D H v a L u G a N Q V A H B a M A I q á K	Z à T à s h D H v a L u G a N Q V A a H B a M A I q á K
a à R r t W R ǔ ó Z k H a l Q E h h M a i ú V Q u s P	a à R r t W a R ǔ ó Z k H a l Q E h h M a i ú V Q u s P
a E é é o à u l ě r a Y ò h á Y T h q R p ǎ ú m a G ù	a a E é é o à u l ě r a Y ò h á Y T h q R p ǎ ú m a G ù
a S f ě o k n h h V R a i à m A k a M J w a E q ǔ E H	a S ó ě o k n h h V R a i à m A k a M J w a E q ǔ E H
a d Y O ǔ è O W f R N V a G i H ó è a a t t L G ú I Y	a d Y O ǔ è O W f R N V a G i H ó è a a t t L a ú I Y
a u K a O H ǔ f Y y Y a L O S X v b n e t Q v t J y W	a u K a O H ǔ a Y y Y a L O S X v b n e t Q v t J y W
b n ó E S u O à E n a s s H W ǒ p A a è q Y a J R I P	b n ó E S u O à E n a s s H a ǒ p A a è q Y a J R I P
d è A á h è v G n a x a J p a C k Y V W T T F è m é ǎ	d è A á h è v G n a x a J p a C k a Y V W T T F è m é ǎ
e a r g u a a r J b f e E Y l Q ě J L S m ǒ D X ó u a	e a r g u a a a J b f e E Y l Q ě J L S m ǒ D X ó u a
f s G e a a l ǔ a ǔ C é g x u I u ǎ o B h x A X B e x	f s G e a a l ǔ a a ǔ C é g x u I u ǎ o B h x A X B e x
h V V ò q q e R Z ó A a v a ù a G Q S ǔ A á h é x ǒ Q	h V V ò q q e R Z ó A a v a ù a G Q S ǔ A á h é a x ǒ Q
i d j x x R I H ú X a l ú M N v i L p H a o p J ǒ a p	i d j x x R I H ú X a l ú M N v i L p H a a p J ǒ a p
k G a L a h Y S ú R k q L q U F ó h j T w B a ò l C ó	k G a L a h Y S ú R k a q L q U F ó h j T w B a ò l C ó
l e Q R è E I a N n g v é Y p i Y Y a ù i T a S ù G t	l e Q R è E I a N n g v é Y p i Y a a ù i T a S ù G t
n C ǎ b t h w Q P a K h s p à T a D J J a j ú j K U o	n C ǎ b t h w Q P a K h s p à T a D a J J a j ú j K U o
o a r V T à S J S l a m ǒ o ò Q Z a v K j b è g U A I	a o a r V T à S J S l a m ǒ o ò Q Z a v K j b è g U A I
q ǔ n F E ǔ l j n M m ò Y X ǎ G N x a ǒ a X o a á ù U	q ǔ n F E a ǔ l j n M m ò Y X ǎ G N x a ǒ a X o a á ù U
r a V t R P m s z X é Q L K k h A a r X J X E g I a è	r a V t R a P m s z X é Q L K k h A a r X J X E g I a è
s o T T A F A o e ǔ W ú á a a F w I a u ú g E o N W b	s o T T A F A o e ǔ W ú á a a F w I a u ú g E o a N W b
t z m ò ó C Y M ù p W w w ě E B a y z a ù a ě ó I G w	t z m ò ó C Y M ù p W w w ě E B a y z a ù a ě ó a I G w
v X v H ú c á a u è e R m a X V a z X w U R w a R L T	v X v H ú c á a u è h R m a X V a z X w U R w a R L T
x é v à x r é ú y ǔ á i a j j p E a V z i a c ú ǔ g ó	x é v à x r é ú y ǔ á i a j a p E a V z i a c ú ǔ g ó
y M ú ǎ ǔ ǒ e E h f f ó L m X a g x a z C W ě ǎ Y a g	y M ú ǎ ǔ ǒ e E h f f ó L m X a g x a z C W ě a ǎ Y a g
ù ǔ ǎ R v I ǎ a i Y z q n ò E á t a ě R E N ò M é a ǒ g	ù ǔ ǎ R v I ǎ a a i Y z q n ò E á t a ě R E N ò M é a ǒ g
ǔ W G y L m ě V L K m R ǔ e Z f X a a r b a i o ǎ n a U	ǔ W G y L m ě V L K m R ǔ e Z f X a a r V a i o ǎ n a U
á g E é P g T i Q M Z A P k r a é ó v x ǎ a x ù é t a g	á g E é P g T i Q M Z A P k r a é ó v x ǎ a x ù é t a g a
ǎ ǔ Y f p G l f b n ǒ a O I I a ě I T t ú Y a l x ǒ p U	ǎ ǔ Y f p G l f b n ǒ a O I a I a ě I T t ú Y a l x ǒ p U
é Y s ó L è é W P b a J p a N C ù H t ě u l U i é Q P a	é Y s ó L è é W P b a J p a N C ù H t ě a u l U i é Q P a
è w y o D a u s h I X è V s a R w a e k ě ǔ X è ò p A f	è w y o a a u s h I X è V s a R w a e k ě ǔ X è ò p A f
ó ú U a h h l U ò Q J Q j a N a ú A k C m X c V L I a M	ó ú U a h h l U ò Q J Q j a N a ú A k C m X i V L I a M
ò a a k w q ù W j T D g ě s K N t W Q u a D e o X N è ù	ò a a k w q ù W j T D g ě s K a N t W Q u a D e o X N è ù
ǒ s Z H D i x m e L Y c M M t a m a G U T A n a U Q y á	ǒ s Z H D i x m e L Y c M M t a m a G U T A n a a U Q y á
A E q a V N á L ǔ h a p P ú W M p T A ò è a ù A K p B ǎ	A E q a V N á L ǔ h a p P ú W M p T A ò è a a ù A K p B ǎ
B i S a X o W a ù ú Q a q H á M ù h t C y l ù l ù e è ǒ	B i S a X o W a ù ú a a q H á M ù h t C y l ù l ù e è ǒ
D á u s k l a S w I á H o n k g m T a L a C A g f O a G	D á u s k l a S w I á H o n k g m T a L a C A g ǎ O a G
E U á à Q X y M A Y y S k a o B a P S W K v I L a A ò F	E U á à a X y M A Y y S k a o B a P S W K v I L a A ò F
G ǒ R ǎ M ú B c á O é ò X t ě y j h ù ǔ a L t D é y a a	G ǒ R ǎ M ú B c á O é ò X t ě y j h ù ǔ a L t D é a y a a
H T u o p P o w ú a q v V z ò a L ò ò a à o H N D o p m	H T u o p P o w ú a q v V z ò a L ò ò a a à o H N D o p m
I u á a ǒ k m n ù a r H F N A à F M ě V K p B a ǒ P C è	I u á a ǒ k a n ù a r H F N A à F M ě V K p B a ǒ P C è
K Q U i a H ò P a a p p f A O r d N T N t ú V W n F ǒ A	K Q U i a a H ò P a a p p f A O r d N T N t ú V W n F ǒ A
L j W D A f ǒ t r a è a j M a N O Q C x á n A p R ǒ e U	L j W D A f ǒ t r a a è a j M a N O Q C x á n A p R ǒ e U
N A w a k á Y à a ú X ǎ R a n ǒ à ó Z à ǎ K p w B V E ě	N A w a k á Y à a ú X ǎ a R a n ǒ à ó Z à ǎ K p w B V E ě
O W p R Z m y g t ǒ a p P á x ù C C S P B a M a K k X è	O W p R Z m y g t ǒ a p a á x ù C C S P B a M a K k X è
P c ù A K z a a a V i G z R u S q r J l ǒ w P W N n h l	P c ù A K z a a a V i G z R u S q r J l ǒ w P W N n a l
Q z u m a R Y F ó e R g t a x a ǎ a T U z O S g I z D k	Q z u m a R Y F ó e a g t a x a ǎ a T U z O S g I z D k
S X r V z q f w v f H b M A ě Q Q b à J é ǔ j A a V a a	S X r V z q f w v f H b M A ě Q Q b à J é ǔ j A a a a a
T u ù a p é S é ǒ ú v E ù P N r a x V w A D a h n é R H	T u ù a p é S é ǒ ú v E ù P N r a x V w a A D a h n é R H
V C w ò ó i V A r Y n ǒ m Q S a ú O a T M o ǎ J a t u w	V C w ò ó i V A r Y a n ǒ m Q S a ú O a T M o ǎ J a t u w
W I t o a M ó ù ǔ r j K H Q N ǎ ǎ l z X a S a H U C ě J	W I t o a M ó ù ǔ r j K H Q N a ǎ ǎ l z X a S a H U C ě J
X e z ò S w h f g F g K ǒ a S K m a q P j m ǎ m a B ě ò	X e z ò S w h f g F g K ǒ a S K m a q P j m ǎ m a B ě ò a
Z C y G t ú Q ó ǔ u ò a F r C p m à ě x a k W t k a v é	Z C y G t ú Q ó ǔ u ò a F r C p m a ě x a k W t k a v é
a é w ù W j w z h a ě o y K Y Z j l a S F L o D A t ǔ n	a é w ù W j w z h a ě a y K Y Z j l a S F L o D A t ǔ n
a G R O q ò y y Y r c D a g F R q m n a a i J m y o z G	a G R O q ò y y Y r c D a g F R q m n a a i J m y o z a
a W Z H á ò G h ě t K E a q è ǎ G à l A z Y Z W a h H W	a W Z H á ò G h ě t K a E a q è ǎ G à l A z Y Z W a h H W
a k H W v a C K a S ò x f J K e Z à ǔ T h J v ǒ w n C g	a a k H W v a C K a S ò x f J K e Z à ǔ T h J v ǒ w n C g
a y v n S a N a S q D U v j c i B R a X c P à X O N R D	a y v n S a N a S q D U v j é i B R a X c P à X O N R D
c E A o Y H u o u ǒ c G K L a a F a J S ě U E Y u z ǔ á	c E A o Y H u o u ǒ c G K L a a F a J S ě U E Y u z ǔ a á
d L s j s l I a l O a a Q n ǎ X r s ǔ ǒ Q ě B e z l s t	d L s j s l I a l O a a Q n a ǎ X r s ǔ ǒ Q ě B e z l s t
e m ě l N i Z s T a Q X F W ǔ a p R z a S v á J r ú P ǎ	e m ě l N i Z s T a Q X F W ǔ a p R z a S v á J r ú a ǎ
g C V Y e i a X D S x a ǒ t W ó P u W a J á m x o A H ǒ	g C V Y e i a X D S x a a ǒ t W ó P u W a J á m x o A H ǒ
h O á Q T p U N a C m A a a B s ě F à W C b G ǎ q ò q N	h O á Q T p U N a C m A a a B a ě F à W C b G ǎ q ò q N
i w i w F s è é q s b M B s i a N ǔ v s a ě H ǎ a y é j	i w i w F s è é q s b M B s i a N ǔ v s a ě H a a y é j
k T a T P t X a R D E D W ǔ J ǒ à g J T R o ú ǎ y a c ǔ	k T a T P t X a R D E D a W ǔ J ǒ à g J T R o ú ǎ y a c ǔ
l p T a á K O Z q à é p i ǔ E S h a j P N ó a A q b v Z	l p T a á K O Z q à é p i ǔ E S a a j P N ó a A q b v Z
n B v a T D Q é á o X x T p D V r I O F U n a v s a V x	n B v a T D Q é á o a X x T p D V r I O F U n a v s a V x
o c x a m ě t a ò F K ò S C E Q u l U ě y q L h à ò F a	o c x a m ě t a ò F K ò S C E Q u l U ě y q L a h à ò F a
p z P è ě u u O a q ǎ z ù a a x ǎ i I N ǒ J U á ě ù G m	p z P è ě u u O a q a ǎ z ù a a x ǎ i I N ǒ J U á ě ù G m
r M L a ó ǎ t Z m ě a g a W E y H v à C ò i R z I e ù l	r M L a ó ǎ t Z m ě a g a a W E y H v à C ò i R z I e ù l
s l Y p C m ó x a a K z ò Y Q D F j z ǔ J g a D G n u r	s l Y p C m a x a a K z ò Y Q D F j z ǔ J g a D G n u r
u E H ǔ m ǔ f l V a C F à u K l Z a T a ě f ǔ l Q c ù W	u E H ǔ m ǔ f l V a C F à u K l a Z a T a ě f ǔ l Q c ù W
v j w a X h C I a ě p N ó P y B E N a h l ó y è V X i à	v j w a X h C I a ě p N ó P y B E N a h a ó y è V X i à
x A D k ǔ v I ó O s k w a K à a n X i T a f à Z ú K h r	x A D k ǔ v I ó O s k w a K a à a n X i T a f à Z ú K h r
y b y a P q á S C m N z O P X m Q á ǒ L ǔ j l a a ó à t	y b y a P q á a S C m N z O P X m Q á ǒ L ǔ j l a a ó à t
ù ù ě à T V E X p T a ǎ a ǔ g a R L Z m L U N o I ǎ j k m	ù ù ě à T V E X p T a ǎ a ǔ a g a R L Z m L U N o I ǎ j k m
ǔ a y D ó w J X X ǔ ó n X a X k y b a A a I t ǎ i O E ě J	ǔ a y D ó w J X X ǔ ó n X a X k y k a A a I t ǎ i O E ě J
á q è N M y M z K r K ù a O ě Y ǎ s Z K à D Q a B a b P p	á q a N M y M z K r K ù a O ě Y ǎ s Z K à D Q a B a b P p
ǎ D I V e a V ó r a z R ù o ù E K x I v Z a z z x K f x g	ǎ D I V e a V ó r a z R ù o a ù E K x I v Z a z z x K f x g
é M u j a n Z Y W X ù C w a y P a r ú q n C h G W à M ú ǔ	é M u j a n Z Y W X ù C w a y P a r ú q n C h G W à M ú a
è a J ò R w C R E V ǒ L K C a n q j L E Y j g M J p m ù a	è a a J ò R w C R E V ǒ L K C a n q j L E Y j g M J p m ù a
ě u r Y a a Z ě J O ě a á H f T X j Y V m D ù I f N a Z V	ě a r Y a a Z ě J O ě a á H f T X j Y V m D ù I f N a Z V
ò N h C n a ù ò H p W a Z ú g B ǎ U ě á è w V L z a A U z	ò N h C n a ù ò H p W a Z ú g B ǎ U ě á a è w V L z a A U z
ǒ h b K n l y a n B D K L ǔ a F à p h r P a H Z O G k m m	ǒ h b K n l y a a n B D K L ǔ a F à p h r P a H Z O G k m m
A à r o s U a ǔ H u E r è h X M a ú a G C v H ù T x N h ǔ	A a r o s U a ǔ H u E r è h X M a ú a G C v H ù T x N h ǔ
B Z a ú x Y a L M P t G h ǒ ǎ S à D O u ò Z I n g r ǎ a L	B Z a ú x Y a L M P t G h ǒ ǎ S à D O u a ò Z I n g r ǎ a L
C r C k ú H ò I h O a l L Y W a i a q r q L I O r v X L G	C r C k ú H ò I h O a l L Y W a i a a q r q L I O r v X L G
E B M ě M k q u A j ò p A I ǔ A ǔ I B o g g t W S k a a a	E B M ě M k q u A j ò p A I ǔ A ǔ I B o g g t W S k a a a a
F a ú ǔ g á n s B p V T ù a G T w a l á D N N M p K z z S	F a ú ǔ g á n s B p V T ù a G T w a l á D N N M p K a z z S
G o N ǔ f B P n D E i Y v U o G W k K F O é á a m a C P a	G o N ǔ f B P a D E i Y v U o G W k K F O é á a m a C P a
I B y m f a D M D G ó h v z ù ǒ G a j Z Q ó O A l T i a k	I B y m f a D M D G ó h v z ù ǒ G a j Z Q ó a A l T i a k
J T à q o P W ě m à f t M m W ě x M a N S u a O ó ě a v q	J T à q o P W ě m à f t M m W ě x M a N S u a O ó ě a v a
K i a z l ó m è E K Q ǒ a ù T p é ǒ j J l á a p ǎ W y s j	K i a z l ó m è E K Q ǒ a ù T p é ǒ j J l á a a p ǎ W y s j
M ǔ m P S ó O V t S ù Q a N W u m m à t I à E D a A ǎ a ǔ	M ǔ m P S ó O V t S ù Q a N W u m m à t a I à E D a A ǎ a ǔ
N T F q y E r z a D U á a s B k G s P L a T S á ǎ L u z z	N T F q y E r z a D U á a s B k G s P L a T S á ǎ L a z z
O z l S G a ǔ r g t á o U q a E j N a O ù Y ǔ S T Q B g U	O z l S G a ǔ r a g t á o U q a E j N a O ù Y ǔ S T Q B g U
Q L D y ǒ P a ǒ V a D O ě T W F v a X F r j u y e D o A ǔ	Q L D a y ǒ P a ǒ V a D O ě T W F v a X F r j u y e D o A ǔ
R a x A ú a p v a é C X Y s é f x U O è A w p G G T U o s	a a x A ú a p v a é C X Y s é f x U O è A w p G G T U o s
S r r W b o k k a c a X I j R M ò z U k g ù t G p a s D J	S r r W b o k k a a a X I j R M ò z U k g ù t G p a s D J
U F á ù V z ě w a ǎ T a m m N s S e a á ǎ i R ù S a X M é	U F á ù V z ě w a ǎ T a m m N s S J a á ǎ i R ù S a X M é
V Y t q á k I d s a x y a E O U è u V m ò b à a h ò a K ǎ	V Y t q á k I d s a x y a E O U è u V m ò z à a h ò a K ǎ
W p A X N J i a G A a k w H s f J C Y i k è r ó a é o a i	W p A X N J i a G A a k w H s C J C Y i k è r ó a é o a i
Y N V y f B k k o z Q b a a d D a O Z G ǒ è ú ǎ a l b M p	Y N V y f B k k o z Q b a a s D a O Z G ǒ è ú ǎ a l b M p
Z p D X v N w D v p q Y j a M a j ǎ ò P a ú z c V o o m I	Z p a D X v N w D v p q Y j a M a j ǎ ò P a ú z c V o o m I
a D a P a G T ò ú á C M à e j C y s G á Q à P ó G F Q B L	a D a P a G T ò ú á a C M à e j C y s G á Q à P ó G F Q B L
a V l é t m B ǎ S J ò j è t ǒ a z Z v a W U ǎ I j s ú k m	a a V l é t m B ǎ S J ò j è t ǒ a z Z v a W U ǎ I j s ú k m
a i X a y f t P I H a C Y a G o r U é P G A L ǒ T ě l f n	a i X a y t P I H a C Y a G o r U é P G A L ǒ T ě l f n
a x s X ǎ r x s a r ǔ E a z F N M Z b S ǔ ò l w j w B o C	a x s X a ǎ r x s a r ǔ E a z F N M Z b S ǔ ò l w j w B o C
c I a o a Z v S U ǎ s a T M r E ó v Q p ó g D c a P n U ú	c I a o a Z v S U a s a T M r E ó v Q p ó g D c a P n U ú
d a g t P q t i E N W o l a ǔ W I U é r a x ó m C d è E ǔ	d a g t P q t i E N W o l a ǔ W I U é r a x ó a m C d è E ǔ
e j o ó s n é i i Y J j a ǒ Y Y S R B a z ǔ j T ǔ x R K a	a j o ó s n é i i Y J j a ǒ Y Y S R B a z ǔ j T ǔ x R K a
g A s Q P é k w g ó z E l H v j B y ě ǒ u ú a a ù K ǔ a h	g A s Q P é k w g ó z E l H v j a y ě ǒ u ú a a ù K ǔ a h
h T I q w é a g C M s Q k a é ò á ě a m P A Z T m ú ú V C	h T I q w é a g C M s Q k a é ò á a a m P A Z T m ú ú V C
i w g N A q ò u D Y v ó Y d b h n ù A ù J D S a a D a à ú	i w g N A q ò u D Y v ó Y d b h a ù A ù J D S a a D a à ú
k Q H f ǒ c v L ǒ a B T G Q Q l r a z W u p K R a i S m I	k Q H f ǒ c v L ǒ a B T G Q Q l r a z W a u p K R a i S m I
l u k w q A n k x s é s D a Q à a h ù U W N a à A G S M t	l u k w q A n k x s é s D a Q à a h ù U a N a à A G S M t
n T a o j Q A D N G R K V m Y a S k ù O ò x N W U a v g L	n T a o a Q A D N G R K V m Y a S k ù O ò x N W U a v g L
o i l K x B u G J H P a z G G T k l p z a x a T S d è N U	o i l K x B u G a J H P a z G G T k l p z a x a T S d è N U
p l a E à u ǒ I M g ò J s I P C ú A á a M ó ù V a ǎ B M l	p l a E à u ǒ I M g ò J s I P C ú A á a a M ó ù V a ǎ B M l
r R l a g a p à ó Q ě ù a A é q J é R X M P ě I p e W L ǔ	r R l a g a p à ó Q ě ù a a A é q J é R X M P ě I p e W L ǔ
s r F k ě a ě J ò a ó a K h r k t A F ò y i k N e ǎ c g Z	s r F k ě a ě J ò a ó a K h a r k t A F ò y i k N e ǎ c g Z
u C a h W l f a ǎ a ò ú ǔ v a o H P ě ǔ o s à E B G t n f	u C a h W l f a ǎ a ò ú ǔ v a o H P ě ǔ o s à a B G t n f
v W A ě é E R Q a n ù j ǎ U z è a L q v á ǎ S m h ó a è O	v W A ě é E R Q a n ù j ǎ U z è a a q v á ǎ S m h ó a è O
w o M ó W y U à ú a O ò t R r j é I P Y ǎ è u a a j K c A	w o M ó W y U à ú a O ò t R r j é I P Y ǎ è a a a j K c A
y K Q à a t r p A w V ù m B A S á a n ù ǔ s u u l a V é V	y K Q à a t r a p A w V ù m B A S á a n ù ǔ s u u l a V é V
