Word,Frequency
igen,1729
szépen,128
még,488
kérek,123
ilyet,32
jó,903
te,439
csunya,86
vagy,145
fözel,1
neked,90
is,1371
adják,3
számoljál,15
nekem,306
neki,55
de,475
golyót,7
kék,19
ez,1409
zöld,40
van,1006
itt,1128
a,3937
sárgácska,1
sárga,20
ott,1126
milyen,65
szinü,2
na,370
már,143
többet,14
ne,722
vegyel,1
nincsen,30
kérem,311
mit,202
csinál,55
kutya,67
va,30
ugat,3
úgy,72
nem,3884
mentem,7
tôl,2
po,26
pu,10
pop,1
szeme,20
orra,4
szája,12
keze,15
lába,17
tésztát,1
és,450
levest,4
álljál,3
föl,48
állj,7
lábát,8
kis,110
micsoda,7
tedd,39
vissza,99
ô,31
elvette,48
tôlem,14
csak,328
adja,13
oda,856
kecske,3
nézz,170
ide,536
meg,561
tessék,284
sikit,5
hogy,249
kell,317
azt,290
összegörbitsd,1
legyen,7
szives,4
most,649
én,1346
oroszlán,16
figyelj,15
mert,209
az,757
sikitani,2
fog,33
jönni,10
Magdi,15
néni,421
sír,59
azért,97
valami,16
fáj,106
bajusza,8
sírjál,54
meggyógyitom,3
vigasszal,1
majd,116
füled,2
ma,91
fülecske,2
bekötöm,2
fülejét,1
bekötöttem,2
ezt,456
popsija,1
bepisilt,1
pisilt,3
be,204
rontotta,1
fülét,2
tudod,69
ollát,1
mért,43
folyott,2
náthás,2
gyógyitsad,1
aztán,42
adjad,2
játszik,5
köszönöm,59
lepisilte,1
le,181
takaró,7
szép,84
paplan,2
gyógyit,1
adom,96
folyik,8
vérzik,2
vérzett,1
gyógyult,4
beteg,34
boci,8
ennek,28
hátul,5
nézem,11
farkát,2
nincs,238
farka,11
bosi,2
betekerni,1
meggyógyult,7
betakarom,6
paplanban,1
betakarni,2
mindár,2
aludni,31
leveszik,1
éhes,4
vacsorát,1
csecsemô,6
bántsátok,1
akkor,245
beteszem,15
szabad,62
kivenni,21
kivette,1
Gyurika,1
gurissuk,2
gyele,3
lele,2
gu,9
gulisuk,1
dele,15
gurigázunk,1
levegyük,1
kérlek,5
ági,6
kösz,11
mindjárt,86
odaadom,19
forgat,1
forgato,1
látod,45
forgatom,1
adod,7
felesleges,1
guritom,4
jövök,25
lefekszik,2
alszik,57
mamár,6
má,70
menjen,6
Gabi,9
húslevest,1
evettem,1
fogsz,2
megreszelem,1
elveszem,22
másik,308
tej,7
fözni,3
betettem,3
csavárok,1
tette,3
lábast,1
vedd,45
lehet,21
tenni,19
teszem,13
ni,59
csukom,1
pálacsinta,1
sütemény,5
sóval,1
fogom,20
tölteni,2
kihúzom,1
forró,3
nagyon,39
kinyitom,3
letesze,1
gázt,4
becsukom,8
elcsavarok,1
evvel,37
játszok,15
beketeszem,1
gázba,1
beleteszem,5
bele,39
fér,15
ebbe,61
készen,2
mosogatok,4
elmostam,2
letörültem,1
kész,44
minden,12
ráteszem,1
fözök,4
ki,229
tud,26
utána,55
erre,17
csavarom,2
elzárom,2
forditva,4
se,75
eszek,8
forditsd,3
hozzám,8
leteszem,1
forditok,1
reszelek,5
eh,9
Éva,2
e,277
benne,31
semmi,27
el,183
visszatettem,6
visszateszem,11
sajt,12
vizes,14
kinek,5
kikáka,2
hasa,16
zsegitek,1
tör,2
össze,13
sajtot,1
több,4
várj,8
sok,79
né,60
nézze,1
várjal,1
várjál,9
leverted,1
kéremszépen,1
kicsit,46
kakaó,18
betenni,6
törleni,1
csinálok,51
angyalt,1
angyal,2
hol,370
reszelô,3
akarok,43
angyalkám,1
elvitte,31
malacok,4
tepsit,2
malac,5
bement,14
kórházba,5
miért,58
megfött,4
nyitni,1
ajtót,6
segitete,1
tepsi,3
reszelôt,1
enyém,78
kopogogom,1
avval,15
darálva,2
daráltam,1
magasra,12
egyszer,33
mégegyszer,5
lassan,4
földobjam,1
kacsa,16
háp,4
hap,21
kössed,3
fogjad,2
vagyok,139
kukucskál,1
lalika,1
játszunk,19
tovább,2
tudom,248
rakni,4
egyedül,13
kap,20
ebédet,6
ebéd,22
vegyük,16
megcsinálom,6
hintát,3
lót,3
szállok,3
leestél,2
leesek,4
babsz,1
bapsz,1
mókus,26
nézd,145
kössz,2
hintázzál,1
leült,1
hintázom,2
leülsz,1
elhozom,6
hintalovat,1
gyöjj,1
utánam,1
od,6
lépjél,3
sárgát,1
pirosat,5
olyan,90
feketét,18
adok,37
kéket,5
egy,507
zöldet,6
piros,32
Barna,674
bácsi,904
idetettem,1
amit,8
raktam,1
képzeld,8
nagy,186
focival,2
bumm,43
csináljunk,31
addig,24
fehéret,2
fehér,8
lödd,31
bácsit,30
falud,1
puskám,23
lölek,1
kettô,32
három,19
odanézz,34
elrontotta,11
elôrontotta,1
Petike,1
Peti,6
rossz,21
hajad,2
fekete,25
eldobom,3
eldobtam,12
hhhh,2
ilyen,81
puskát,12
ha,81
tôled,7
elvitt,11
pacsa,1
Krampusz,9
farkas,32
beledobja,1
vizbe,54
megharapta,8
mitôl,2
vagyunk,20
mi,286
megint,34
szokott,5
ugrálni,6
hátra,4
kicsi,116
elôre,4
gyerek,6
gyere,240
ugrál,7
pedig,42
erdöben,1
csináltam,11
voltak,1
nyuszikák,2
farkasok,4
kézeld,1
így,188
bekapták,1
kapta,3
salátát,5
bekaptad,2
hhhö,1
otthon,13
könyv,16
könyvem,1
meséskönyvet,1
nnnnekem,1
pici,188
ujjam,6
amikor,11
voltam,14
fájt,9
beesett,2
vv,1
bizbe,1
beleesett,4
nnnem,3
tó,5
viz,11
lattad,1
mitcsináltam,1
puszilni,1
elôször,1
megpuszilom,1
ujjad,2
rendetlen,2
megyek,91
kockázni,1
kezdtem,2
köszem,1
szépe,1
kérsz,26
szappant,5
ketten,9
kettét,1
mozgólépcsö,3
földre,3
metróval,2
hhhhj,1
akkora,2
kepzeld,1
ugráltam,2
mozgölépcsöröl,1
m,325
trolibusz,1
nnem,1
hhhé,1
aaa,13
totók,1
totó,5
szeretne,1
teteje,14
bujnna,1
papirral,1
papir,1
beledobtam,1
róka,102
tették,10
tett,2
tete,27
sírhatsz,2
vigyem,1
valód,1
meghaltak,1
visszalöjjék,1
darus,1
auto,11
szia,141
csigabiga,3
vannak,28
kák,2
szervusz,43
mmm,22
fekszik,9
mozog,3
szoritsad,5
szétszedted,1
mm,42
jaj,148
szoritsd,5
torony,24
toronyt,6
dülni,10
térded,1
köp,3
brüa,2
fiuk,1
fiu,6
jön,121
kavicsot,6
venni,13
önek,3
megrúglak,1
Ferike,2
buuu,1
elestem,14
hüm,2
á,100
ham,127
bent,28
úgyse,1
tudja,1
másszunk,2
hajolj,2
igy,28
hihihihi,2
leeste,1
tenekét,1
hüvös,1
almákat,1
kopasz,1
ebbôl,10
lesz,77
kávé,17
ebben,9
csoki,2
hozok,19
semmit,8
megvan,11
teszek,6
limonádét,1
cocacola,1
borsó,11
paprika,3
beletettem,6
cukort,2
föztem,1
leülök,4
mama,151
kézzel,5
fogni,5
takaritni,1
fogok,13
elmosogatom,1
teritek,1
törülgetek,1
pillanat,1
mosogatam,1
eltörölgetem,1
tiszták,1
nyakadba,1
kapsz,9
epert,1
törülközö,1
törülközöm,1
mosakodni,1
gyertek,2
indul,22
vonat,44
brüm,1
brüü,6
Miklóskám,1
add,96
Kati,30
néninek,8
edény,3
kislányod,1
fal,8
egészen,3
engem,23
Laci,15
köll,2
mer,10
cuki,1
cumit,6
homok,25
volt,101
nagyonszép,1
kötényet,2
kaptam,19
csokit,16
köpd,4
leszel,5
szeretem,15
edd,5
belül,1
hivják,6
nadrág,2
cipôt,5
egyet,87
elrontjuk,1
gyorsan,23
rádszór,1
szórd,3
rá,18
fogd,6
szórom,1
rád,1
hórukk,1
szeptemberbe,1
kocsid,2
fürészelt,1
eldöntöttem,2
kacska,1
koszos,5
moszost,1
takaritok,1
hihi,14
gyógyszer,1
adta,6
Délia,1
ezzel,34
karddal,2
ajjaj,23
roentgent,4
busz,7
mentö,3
elment,62
pupu,4
puu,1
uuuu,2
döl,2
uuu,2
eldölt,4
megkalapállak,1
pupát,1
kalapálom,1
tied,16
csináltunk,2
naaaa,1
itthon,5
leölek,1
romlott,5
megcsináltam,7
poty,3
boty,2
Viktor,7
szerv,1
szer,3
lapát,12
tele,6
tsu,9
csinálj,12
hu,39
puska,11
seprô,1
prr,5
elesett,5
katona,19
kalapálnom,1
lábomat,9
megkalapáltam,1
húú,3
tudtam,4
megcsinálni,2
Fakudi,1
elmegyünk,4
térre,2
elvinni,2
ekmegyünk,1
menjünk,64
böböbö,2
elverted,1
béliát,1
azzal,9
söprüvel,1
ráültem,1
puskámra,1
tudok,98
elcsúsztam,1
tetet,1
brrrr,7
brunn,1
bram,1
brumban,1
gombóc,1
szilvás,2
cukorkát,1
cseresznyét,1
vettem,7
köt,6
gombócot,3
homokot,25
teszünk,4
elôbb,7
fel,18
állitani,1
fölállt,1
hjaj,1
nehezen,8
megy,115
hordani,1
cukor,3
tyele,1
menjél,12
op,1
betyárját,1
betyárja,1
betyár,1
betyára,1
betyárosz,3
visszük,9
viszek,1
emelgetjük,1
mégis,6
hát,437
elég,11
sokat,16
kocsiját,1
vinni,2
saláta,4
ajajaj,1
iszzük,1
adunk,2
bottal,5
kötlek,1
tudsz,6
megmozdulni,1
megkötellek,1
mozdulj,1
hadd,41
nézzem,28
hamm,12
bekaptam,2
nyelvedet,1
szúr,4
kötsz,1
Faludi,18
g,8
vigyük,2
emeljük,3
úgye,17
nehéz,5
Bélia,1
kivesszük,5
csináljál,16
nagyot,31
hógolyó,2
hógolyót,3
ahm,7
lehül,1
kidobjam,1
kidobom,3
mak,6
tévé,10
kapcsolt,1
nézed,3
tévét,3
lelölek,1
mész,24
arra,16
jössz,26
kaviccsal,2
legalább,1
bezárva,1
ban,4
zsebembe,8
zsebbe,1
homokos,2
Ica,7
áá,2
tetszett,1
finomat,1
eperszörp,1
pan,11
almaszörp,1
tetszerem,1
ezezezt,1
tetszeremezt,1
Délika,1
pem,3
uh,9
estem,4
kucs,1
kucskucs,1
elmegyek,8
Mici,4
jól,31
játszottam,2
játszótéren,2
hintáztam,2
Lacival,4
akinél,1
Frédi,2
Frédivel,2
játszottunk,1
aszija,1
ugatott,1
Dunára,2
mamikával,1
taxival,2
tavasszal,1
sárika,1
Andi,47
mindig,17
mér,6
bujtál,1
guriga,2
sakarikák,1
át,9
fején,1
Miklós,8
dobd,6
fuj,2
mind,8
egészet,4
bü,2
brü,4
innen,25
Mikloty,3
lenszki,1
manci,3
hi,25
akarja,1
adni,4
veled,3
jujj,1
szeretnék,14
babát,47
fésülni,2
adjál,10
fésüt,4
dobta,4
kitörött,1
Tünde,41
törte,2
epret,1
Jánost,1
aranyos,13
nénit,6
másikat,73
sziasztok,5
fáradt,1
paci,8
feje,14
emeld,3
fejedet,2
épitünk,17
házat,24
mókusnak,1
rókának,2
eb,1
tudjon,1
menni,29
rámegy,1
Misi,8
halacskát,61
kapod,1
csöngöje,2
csöngöjét,1
nyomd,2
szállnak,1
csiling,3
csilingetni,1
brr,28
megáll,3
nyikor,1
kocsi,30
akarom,17
nézni,7
ap,24
lefelé,3
rókus,3
ku,10
megfogom,7
eeeeee,2
lesepertem,1
csináljuk,7
szoktam,3
kelenci,1
tóba,2
Balagonra,1
la,4
balagojára,1
essél,2
mondd,7
bácsinak,29
ôt,25
nesze,3
versz,1
puff,17
Barnát,3
kötem,1
aa,8
villamososn,2
villamos,5
szék,62
indulunk,3
ajaj,8
teherautó,8
keleti,1
pályán,1
eltette,3
teszel,2
paff,8
dudába,1
ment,31
eee,4
hihihi,6
hess,4
megütöttem,2
kezedet,3
sírsz,3
ellökte,1
mutatom,8
mennek,32
jönnek,14
bogár,58
próbálni,1
adsz,2
borsót,1
fözzek,1
adj,4
papucsot,12
rám,2
Domi,12
csináld,16
brruuu,1
leültem,2
fálmos,1
picikét,12
teszed,2
levelek,1
virágok,6
vonatot,20
mafláskodik,1
János,12
metro,9
mozgólepcsö,1
földalattin,1
szépet,1
raktár,1
télapó,1
hagyjad,4
emberek,1
utaznak,1
hidat,6
átjön,1
kimegy,6
kiment,7
gépból,1
kijött,16
képek,1
halacska,73
elrontottam,4
halat,15
délelôtt,1
Gábor,10
Béla,6
kimentünk,1
konyhába,2
játék,11
idenézz,5
almát,5
ettem,6
kutyát,10
mókusot,1
mókust,2
macit,10
lépcsöt,1
csinálunk,14
dio,3
orram,1
hazasiet,2
szobában,4
motro,1
haza,11
hova,84
csinálsz,26
segitettem,1
kijönni,5
bemegy,3
o,175
marad,8
sose,2
zárjuk,2
csináltál,12
csináljam,1
benézett,1
mókuska,6
felborult,3
bezárjuk,1
mehet,2
visszament,1
bedugom,3
bedugtam,1
odadod,3
elveszi,37
hozzad,4
farkast,1
bácsié,14
egye,3
elkérjem,1
kimegyek,7
halacskámat,8
dugjad,1
földugjunk,1
eltettem,3
Jánoska,1
begyük,1
kapcsold,7
kiveszem,10
székem,3
Dini,10
összekoszoltam,1
egyszeg,1
összekoszolom,1
tesszük,3
akvárium,1
biciklizek,3
elromlott,27
kereke,4
szretnék,1
biciklizni,2
megcsináltad,2
megkapom,1
biciklit,6
forog,4
kapom,11
ülj,26
lökjél,1
ellök,1
elôvette,1
piszkálod,2
bemenni,6
úgyis,1
melegen,1
melegem,2
gyürd,1
odamegyek,4
nénihez,5
leveszi,3
aznem,1
levenni,4
kötve,2
kislány,7
dedós,2
anyu,274
halló,36
Tomi,8
Tomika,3
sirjál,3
bölcsiben,3
hallom,2
Lacika,3
mamika,7
bölcsibe,4
Viola,16
pisilni,14
pisiltem,3
megcsinálják,3
telefont,2
csimbumm,4
cirkusz,4
menj,31
csend,2
nyelv,1
nyelve,2
siet,2
madár,10
Mari,1
telefonálok,12
anyuci,63
anya,113
Tomikát,2
hivd,1
olyat,14
Tomikám,1
hóember,4
motort,8
pancsát,2
rontsa,2
hjje,1
elrontja,1
hjjé,1
szét,29
két,20
számold,1
elvettem,20
egyik,26
pöpöpe,1
papapa,1
utcán,1
kint,20
kockát,26
szemét,4
prrf,1
amibe,1
zsákica,1
lekapcsolta,1
villanyt,2
szemembe,1
sötét,7
sirtam,1
kapd,2
Rakja,1
pepe,2
szoritsam,2
beleejtettem,1
eltünt,1
cica,44
odatedd,1
mérges,6
hasad,2
egyél,4
odaaduk,1
zsizsi,1
jársz,1
repülôgéppel,3
jártam,2
picuri,1
bibis,9
ördög,4
dühöng,1
elefánt,7
megrugott,1
visszarugtam,1
lábommal,1
pofont,1
adtam,9
felvettem,1
harap,3
hid,4
mmmmostan,1
ezen,7
átmegy,2
szétromlott,1
ezeköt,1
jaaj,2
hidon,3
átjönni,1
szegény,5
eldül,3
hhjé,1
szétszedek,1
szétszedjük,1
szedve,1
papa,24
törpe,26
bumtatát,1
bumtata,2
leesett,8
mumtata,7
mintete,1
szétszedünk,2
tudodm,1
tatamutata,1
andavi,1
tetemumtata,1
kisfiam,1
tititam,1
hozzá,6
dobtam,5
pe,5
házik,2
kivel,1
Dinivel,1
ige,58
visszaküldted,1
Pete,1
mondom,3
jóóóó,3
kutyacskát,1
tegyenm,1
vár,5
láttad,3
leborult,1
énnj,1
úú,4
ffffogd,1
dönt,1
döntsed,2
hatalmas,2
erôs,5
remeg,1
dült,1
szétszeded,1
azta,2
házikót,11
nekd,1
mikor,10
lehetlak,1
najd,1
vacsorázni,1
foglak,1
lelöni,1
forditsad,1
fogta,1
ideülök,4
helyére,1
helyedre,1
szobor,2
azután,17
mejd,1
nyissuk,4
epi,2
Gyurikáé,1
Gyuri,4
korona,1
verekedj,1
verekszik,2
megnézem,26
énnekem,9
vegyél,7
apu,52
mingyár,10
odaadod,9
maci,110
hintázni,5
figyeld,7
ná,4
zsebemben,3
csipogó,1
csipog,1
Géka,3
béka,12
giga,2
gigagiga,1
bicakika,1
verekekekekeke,1
mutatni,1
bikalát,1
bika,2
hozom,25
hivlak,1
ölembe,5
kötényt,8
elesni,1
asztán,3
lehasálni,1
piszkos,41
hintázunk,1
subája,1
so,11
hallgatö,1
hiába,5
mondta,17
bumboli,1
háztól,2
messze,10
játszani,14
ahova,1
jár,2
hallgatolsz,1
számoljunk,5
számolunk,7
dere,22
veszed,8
megmondom,5
husz,1
megkukkolta,2
húsz,2
nézzetek,2
milyet,1
hat,14
nyolc,11
öt,25
ali,7
csinálni,12
Cornell,1
dugd,1
cumidat,1
meglátja,1
cumi,27
bizony,17
rontod,5
rontom,1
kezemet,6
azér,6
inni,10
igyál,1
megittad,2
tea,5
kakaót,3
készitek,5
befér,2
ehö,2
nektek,1
kevés,2
rak,10
rakom,3
csinálom,8
szóljál,1
ittad,2
megiszom,1
megigyam,1
mámár,1
teát,10
teja,5
ninini,1
belefél,3
füzni,5
engedi,2
Gyuli,1
segitsél,8
belakni,1
Gyurihoz,1
mamikámnak,1
segitek,5
anyukámnak,2
mamikám,1
mamikának,1
anyucival,3
Andim,2
Eva,1
telefona,1
telefonáljál,3
amig,1
itten,26
vegyétek,1
számolok,1
é,40
eldobta,6
cicát,7
megeszi,18
fért,1
cicak,2
hagyál,1
megnézzem,2
tássék,1
rók,1
vadok,13
gogo,1
fölülünk,1
négy,25
haat,1
nyágyon,1
nyá,2
nyáhozba,1
járok,1
dolgozni,5
hét,7
öleg,1
skatulyus,1
valakit,1
megkeresek,1
számolják,2
for,1
nad,22
hanem,9
kilenc,6
ülsz,5
ba,168
felülök,1
mingyárt,1
asztalo,1
köszi,4
hálom,2
óh,2
számolja,1
számol,2
elvetted,1
ménj,1
onnan,6
betakarta,1
bácsika,11
autót,43
darusautót,1
fésüljetek,1
jösz,6
haj,1
csukd,15
szemed,2
hékás,3
láttalak,1
pókós,1
moklás,1
mokmás,1
bácsitól,4
tiz,2
órakor,1
neyém,1
szebb,2
Miklósom,1
pokát,1
karkötö,6
karköte,1
karkötem,3
elkaptam,1
jéget,3
dobott,3
bekeptam,1
odaadtam,3
jég,4
hasam,2
bummagong,1
bambamba,2
bamba,1
bambamkba,1
tshiu,1
tshio,1
gyögyö,2
Barta,6
mácska,1
pupf,1
ppp,1
csunika,2
kidobtál,1
gyöngy,2
katál,1
kaszálja,1
aztat,4
prü,2
ugrálj,2
férek,2
ülni,17
hozd,9
túndinek,1
Tündinek,2
öneki,2
csinakorokanyaméke,1
koha,1
poha,1
nedem,1
megö,1
meke,2
make,5
mek,9
en,9
sütöttem,2
lalo,2
fagyi,3
fagylalt,7
nyalni,1
lerugtam,1
elesel,1
elestél,1
jók,1
rendör,3
ittam,4
fagyit,11
bejön,15
kukucs,10
kukucskáltam,1
ablakban,1
elmegy,12
karkötöd,2
tutututu,1
blöblönlö,1
brim,1
brumm,25
brum,41
brummmm,1
reggelt,3
kosár,2
autó,101
elrontod,1
tei,6
garázsot,1
állni,1
garázsba,4
ho,31
hö,8
töm,2
garázs,1
megcsinálja,1
hány,3
óra,5
elteszi,1
pum,4
prum,1
pra,2
madacs,1
büdágy,1
todod,1
esik,11
esö,1
csöpörög,1
Jancsi,1
nyöszörög,1
anyja,1
hasra,1
orr,2
votl,1
jaa,1
Müller,1
tiszta,10
kezem,15
letörülöm,1
törölgetöm,1
töröl,3
Enikö,7
msot,1
talics,1
talicska,12
baba,506
fübe,9
dörzsöltem,1
csúnya,12
kezünket,1
dörzsölöm,1
semmivel,2
lapáttal,7
visszatesszük,2
visszatettük,1
rontottad,1
csinálod,3
onnét,1
jött,31
öszegyürödött,1
tapogatni,1
dobra,1
otta,10
eldobok,1
dobod,1
öntöd,1
félj,3
fogod,2
csunyát,1
szedünk,1
csin,6
fájni,2
fe,3
épitsük,2
bácsihoz,11
megyünk,55
megépitsük,1
pöm,4
gyoprsan,1
látja,2
megcsipt,1
Tündér,1
lova,1
lapátot,4
enim,1
rátesszük,1
alagut,1
házam,2
nagymama,5
epitünk,1
Tündi,20
kapott,2
nagyanyuci,1
kér,56
hoztam,13
pákát,1
Katika,7
elôtt,3
hogyha,5
holnap,16
juj,16
innivalót,2
valót,1
hagyjatok,1
helyet,2
innivalóm,1
úlni,2
namama,1
jöttettem,1
szállj,9
Domikám,1
kislányom,5
meleg,18
ennivalót,3
várjatok,1
kaptok,2
akasztál,1
látsz,3
máris,1
indulás,5
eeeh,1
huuuu,1
nézzük,17
máshova,3
alagutba,1
tütütü,4
tüt,6
zárt,2
tütü,28
végállomás,1
leszállás,1
szállunk,3
kiszállunk,1
tehérauto,6
karkötöm,2
beszállás,1
kanalad,1
kanál,4
nics,3
csiáljunk,1
elgurultunk,1
elgurult,3
esett,7
huu,3
vonatról,2
nagyott,1
látom,18
zászlót,1
rontsuk,1
egyed,1
levélt,1
rek,1
órát,1
asztalnál,1
lenni,4
nom,1
csókot,1
kehet,2
homokba,8
tologassuk,1
rajta,23
ja,36
pancsizni,2
indulhat,1
brezum,1
toljál,2
velem,2
vele,7
Kornélka,1
lelöksz,2
brummm,2
Majakovszkij,1
utcába,1
odamegy,3
üljek,2
édesapuká,2
iii,6
csüccs,15
hátam,4
mögött,4
leszünk,1
gye,1
autóba,6
ülünk,6
mihozzánk,1
levetted,1
mackó,6
feküdj,15
Feri,1
lánc,4
jaja,3
tegyük,6
ülök,9
csinos,2
nagyanyám,1
kiabált,1
összerakjuk,2
akarod,2
odaadni,2
üljünk,10
beljebb,2
beakad,1
mán,3
kity,1
köty,3
mosz,3
eltepte,5
brrr,51
száját,5
megütötte,2
kiszállok,1
bekepcsolva,1
megáztunk,1
fekve,1
mellettem,2
feküdt,1
édesanyukámnak,1
kérd,1
hm,1505
küld,1
vezetô,8
adott,1
akarsz,9
ideülni,1
szétjött,1
légy,4
bontsad,1
elnegy,1
órám,1
kolcoltad,1
ösze,1
hajadat,1
nézel,3
melyik,22
verekedek,2
szeret,1
bakakiltál,1
kakiltál,1
szagod,1
öledbe,2
mutató,1
bevertem,2
fejemet,1
kitört,2
csöm,3
tam,1
babád,4
Babám,9
szoknyásat,1
szoknyája,1
Violna,1
vetköztetni,1
hajába,1
fésü,3
kiszedni,1
Vilmos,1
fej,6
ideültem,2
cserélünk,2
fi,1
feküdjetek,2
Domapuka,1
les,1
csokoládé,1
csokoládét,3
rádió,14
lefektettem,1
pénzet,5
szétrontottam,3
mefésüllek,1
id,3
fésüdet,1
fésüld,6
magas,8
mond,27
megszoritlak,1
brukko,1
kru,2
kri,1
kroko,1
doktor,137
engedjen,1
hozzájuk,3
elli,2
szai,1
csecsemôk,1
bontjak,1
hang,1
szemüvegem,1
memüvegem,1
memüveg,1
szemüveg,4
sze,6
összetört,1
kosz,5
lekváros,1
lett,11
bejöhetek,1
brrrm,1
brrum,1
mabrum,1
shu,1
tshu,2
haljál,7
szived,2
halj,3
emikö,1
festetted,1
fejed,1
kényes,1
essen,1
fodrász,2
fényképezzük,1
csücs,17
leülni,1
kelt,1
tuhi,1
teee,1
viszem,8
szandálom,1
abban,6
édes,1
babám,1
babuci,2
alattad,1
babáka,1
más,14
hová,28
bántod,1
babámat,1
kettôt,2
mint,12
játékokhoz,1
teszzük,1
ennei,1
eszel,2
tess,2
hami,7
szereted,6
olló,3
kés,9
thü,3
kicsim,2
hoppá,28
hajtsd,1
fejecskédet,1
Enikétôl,1
ollót,1
veszek,30
jóságos,2
mondjad,5
torta,4
finom,4
szerzek,1
tányért,2
fejmosás,1
sampont,6
sampon,12
presszóba,1
tortát,3
megittam,2
ellinéni,1
elcsusztam,1
katu,1
fodrászüzlet,1
pétert,1
péter,18
megfésüllek,2
fésüllek,3
csücsülj,2
csókolom,3
kié,16
fésülök,1
húúúú,1
babádat,1
Faluditól,1
szappan,9
fésüd,1
repül,6
repülôgép,5
ló,25
ajtó,10
bemehet,1
I,22
szedd,2
beszélek,4
virgácsozni,1
egyen,3
szétszedem,8
egyszerre,2
dobáljuk,1
hjuu,1
házikó,9
ház,22
beteszünk,1
elrontom,5
dugni,1
keressük,5
kutyus,20
kutyust,3
kát,1
tes,3
kutyuskát,1
füst,4
jöjjön,4
csukju,1
csukjuk,2
kötö,3
nyakába,1
bezártam,2
inkább,19
annak,13
au,11
karacsonyfa,2
ragyog,6
gyertya,6
labda,40
karácsonyfa,5
énekeltünk,1
karácsony,9
kisült,2
kalácsom,1
hüü,3
fejedre,1
fejére,1
men,5
elszaladt,3
uton,1
megütött,4
maghalt,2
meghalt,5
valaki,7
megölt,1
lab,2
benn,6
tettéke,3
fázok,14
golyócska,1
dobni,1
toto,1
dada,2
megfuram,1
megfúrtam,1
tekte,1
tektek,1
acicát,1
bekapta,3
engedem,3
megette,7
kutyá,1
elveszek,1
Évike,5
kalapom,2
hiányzik,3
golyó,7
piff,3
golyö,1
királynöm,1
kutyának,1
katonák,12
karacsonfa,1
ah,25
engedünk,1
esni,2
Viktornak,1
házba,5
megettem,13
beleöntöttem,1
ajja,5
menjed,1
senki,18
autóbusz,1
lelövom,1
mászok,4
közel,1
enyémet,3
lászt,1
lyukat,3
bujj,8
hozzál,2
hhe,1
gurigázzunk,1
úúú,1
képén,1
csináltad,2
csinált,7
elvesze,3
ilyesmit,1
elveszel,1
mackómat,6
kérdeztem,2
fogad,2
szót,2
állandóan,3
kitakarózik,1
hülyeségek,1
takaróztál,1
hülyésget,1
hülyesgéget,1
visszaadom,3
megnéztem,1
neem,1
Barnabácsi,3
térdedet,1
térdem,2
nnnnem,1
visitem,1
Baross,3
utcában,1
neeem,4
anyukám,10
vásárolni,7
kakilni,4
közbe,1
kakil,2
kakiljál,2
mosd,1
eszik,12
bam,21
lefekszel,1
fekszel,1
összefúj,1
amackót,1
zet,1
szél,4
takarni,1
vette,4
naaa,5
vetted,1
mackót,2
közért,1
lövöm,1
tehérautó,13
hógolyóbat,1
abás,1
halacskák,4
halacskááát,1
uralkodjál,1
eeeeeh,1
integet,2
gondolsz,1
giliszta,3
hangosabban,2
kiabáltunk,1
kiabáljuk,1
hangosan,1
homokozóba,2
voltunk,1
prrr,7
csöndben,1
megmutatom,6
rrr,1
hoztuk,2
edényet,1
székét,2
brüüm,1
lehagy,5
elüt,7
földreborit,1
felboritott,1
megütöd,1
elütött,3
grrrr,1
elútötték,2
Zsuzsi,3
elütötték,1
abba,21
hagytál,1
elfáradtál,4
sssh,1
tss,7
tsss,3
alutazok,1
elüti,1
lábadat,3
kalauz,2
mostan,8
elindul,2
vezeték,1
feküdjél,1
halacskám,5
vizilók,1
közé,2
messzire,3
idejön,6
megharap,7
indulok,3
vonathoz,1
kelj,1
takard,6
arcát,5
lát,5
fejit,2
vert,2
ágy,15
szélire,1
leszek,7
ettelek,1
fektessük,1
elaltatlak,1
ágyba,7
takarót,4
adjuk,6
betakarlak,1
takaróval,1
fekszem,1
váradi,2
lefekszem,1
feküdjünk,1
gyomrom,4
köttö,1
kijövök,6
puf,2
vana,1
ravasz,13
gyiorsan,1
ismerik,1
rókát,12
ismerjük,1
ró,2
kerek,2
kukucskáljunk,1
ahol,7
bujjunk,6
meglátod,1
hüüü,1
figyedl,1
megdobom,1
s,29
megbántom,2
ideges,1
oh,14
azme,1
üüülj,1
iideges,1
dobjuk,1
megdobtam,1
hum,3
dododo,1
kutyu,1
vegyed,4
felment,2
fára,12
nadrágom,2
elhoztani,1
szekrényben,1
mutasd,30
másszon,5
esernyöre,2
tetejére,1
felmászik,1
rongy,1
elvetti,1
megrúgtam,1
kocsival,1
Agi,2
agyika,1
arzsika,1
Erika,1
ennyi,4
emmél,1
Bandika,1
Andika,8
Andikám,2
hallod,6
hozzánk,2
ám,11
koma,6
agyi,2
kölelebb,1
beszélni,4
csendbe,1
Erzsivel,1
csendben,1
szaladgáljatok,1
ágyi,2
szólok,1
Andikának,2
hozzátok,1
beszéljél,2
ándinak,1
jöjjél,2
Bándika,1
Bándikám,2
Erzsike,1
maradjál,1
hazamegyek,2
sokan,8
ujja,5
ások,1
csapi,1
csöpi,2
hintaló,2
óda,6
repülô,8
Dinike,3
adjak,1
kéri,1
kivettem,8
szemétbe,4
kidobtam,5
tijed,2
hintázol,2
csikokokokács,1
pikapapapács,1
kikopapapász,1
Miklóská,1
letet,1
ááá,4
róla,3
elbujt,11
felállok,2
Gabika,2
cicus,3
kóka,1
moni,1
móka,2
koka,3
ement,34
hintázik,5
brrm,1
vonattal,4
brmm,9
eltóltam,1
szálljatok,1
eltoltam,1
állomásba,3
állomás,3
vonaton,5
fölmenni,4
állatkertbe,4
elvenni,4
tôle,4
kiszáll,3
végállomásból,2
óó,1
száll,3
felmenni,1
mentél,3
keresel,2
szeretném,4
megnézni,10
fölszállok,1
fölszállni,3
végeztem,1
vezetni,2
vigyázz,11
pincébe,3
láttam,11
toljuk,3
hintapalinta,8
füzök,1
ültél,1
pukk,2
összement,2
kocakákat,1
mhm,2
hü,7
uhuh,3
üveg,6
szétszdem,1
tu,12
bisztos,3
senkinek,1
énnek,1
marha,2
ejnye,7
ejny,1
lelö,1
lö,4
téged,8
fü,8
lelötted,3
elestünk,1
ót,7
azokat,3
elesünk,1
esek,1
hijh,1
szörnyü,1
leesik,4
mafláskodtál,1
hozott,2
kettó,1
odadom,5
magasan,2
fölment,11
elaludt,1
hjéh,1
úton,1
út,2
csinájunk,2
fussál,1
vacsorája,1
hjeh,1
kenyeret,6
terssék,1
játszanak,2
levettem,2
nek,4
húzd,1
neee,2
dobáltam,1
összeütköztem,1
dobolt,1
kastély,1
kastélyzd,1
nemadom,1
beszállok,1
idejössz,2
eltört,7
löjjön,2
Miklóst,1
Tündit,1
lenyel,1
falat,5
temetöbe,2
pancsizzál,1
elveszik,1
kivetted,2
poharat,7
vigyünk,1
vizbôl,2
bogarat,7
cipôdbe,1
tegyed,1
vizet,20
bedugtál,1
bogarod,1
avvel,1
kezemre,1
pricceljél,1
bennünket,2
visszajön,4
kuglit,2
vegye,1
kezünk,1
bbúúú,1
csiga,14
érted,3
am,11
ami,26
köz,1
bogarak,2
laknak,1
hangya,9
kaka,41
kak,4
hee,1
Bars,1
ereszd,1
puskámat,3
ereszed,1
sírtál,2
beviszi,2
onna,1
bevitték,1
ka,92
vidd,7
Katit,2
pered,1
ezeket,6
piszkokat,1
teknösbéke,1
kakcsit,1
emged,1
segitsd,2
Katin,1
babab,1
ábababa,1
ssss,1
sorba,4
visz,2
du,5
dudáltam,1
mehetünk,3
dudálni,1
töö,1
dut,1
sorompó,1
hagyom,2
brrrrr,1
szétdobálom,1
zárni,1
inditom,1
felmászom,1
Tü,9
dudál,3
megnyomni,1
jösssz,1
apuci,9
dudálós,1
hajó,30
kloss,1
kapitány,1
upp,1
felhö,1
nézzél,1
lemegy,1
szerelô,2
bagy,1
megdudálok,1
Icát,1
Béláé,1
negyon,1
durva,1
szerelem,3
haragud,1
haragszom,1
ezekek,1
mondodd,1
beleteszlek,1
lábosba,2
beletettelek,2
leleövöm,1
gyomrodat,1
szivedet,3
lelövök,2
betettelek,2
fénykép,4
eldöl,1
pénz,10
Dominakadjál,1
Dominak,1
csónak,1
minket,2
szállni,2
hoztunk,1
edényt,2
szalvétát,2
csomagolva,1
hévvel,2
hév,5
vonatra,1
odaültem,1
vonatomra,1
ti,19
fujtsam,1
blö,5
lassa,1
lasabban,1
kli,2
lábunkat,1
ágyról,1
lelöklek,1
csunyán,1
feltetted,1
lábad,2
ted,6
mási,6
szaladjunk,2
egyetek,1
bárányt,1
uszik,6
harapd,1
halacská,1
baj,21
gyerünk,5
bokorba,2
bokor,4
kimenni,7
gomb,27
dió,3
csizmába,4
legyünk,1
csizmád,1
csizmádat,1
hó,21
csizma,1
vá,5
gá,2
bé,5
ga,41
tetszik,2
ladába,1
elhoztuk,1
eszünk,5
dinnyét,1
zsebedbe,4
zsebed,1
me,44
kölyök,1
dülöngözzünk,1
bruu,1
kiabálj,2
megijedtél,2
ts,5
ad,36
tyhu,1
karod,1
száljál,1
tyhü,2
khu,3
engedj,2
szeretsz,1
maka,5
táti,3
táta,1
tata,5
ta,34
lelövöm,2
farkasokat,1
löni,1
törni,1
busi,2
busika,1
csainál,1
pacs,2
pacska,1
pacspacs,1
megvertelek,1
nö,1
kezed,1
kártya,2
kártyapofa,1
gugá,1
batiguga,1
padadadada,1
ilyesztget,1
kalap,14
tarka,2
füle,8
lakni,3
megeszem,9
kávét,7
Tündihez,1
ojjaj,1
megitta,1
bögrét,1
leszálltam,1
lámpa,4
Farkas,1
civám,1
biip,1
cscs,1
csiu,1
szádba,2
rágd,2
Katyka,1
anyukája,13
nyaljad,1
énkérem,1
találok,1
szerbusz,5
engedd,3
fürödnek,1
lementem,1
megfogtam,5
nekünk,3
házikóba,5
pancsa,1
gonosz,4
hra,2
pam,5
visszadjuk,1
Bartabácsi,1
bart,1
ágyikó,10
püü,1
babának,6
beszél,4
Ici,1
ciróka,2
maróka,2
Ilonka,13
Zoltán,5
állok,1
tettem,4
lekvárt,3
tetem,1
pilóta,3
midlóta,2
bikocsa,1
mééér,1
ül,52
prrrr,2
prrrrc,1
kiabál,3
Dani,1
bemegyek,16
mennék,1
kiabáltál,1
bántott,4
szedjük,4
játékokat,1
egyiket,5
leszállt,1
taxi,2
zsebemebe,1
föltettem,1
halacskákat,2
fogja,1
whoop,1
rakott,1
gyúgyu,1
görbe,3
adtak,1
fán,3
vizike,3
beleestem,25
ságával,1
ablak,23
kocka,22
uszunk,1
kijöttem,1
kértem,2
elvetyte,1
Delia,1
beestem,2
fáznak,1
cipôm,5
vesz,1
cipôd,1
anyucid,1
papucsod,1
teherauto,2
nagyobb,4
nnagyobb,1
ittis,1
hajót,21
kialány,1
traktort,6
falu,1
Gabit,2
lelöjjem,1
vitorlás,2
negy,1
füstje,1
lelöttem,3
puskás,4
tenger,1
állitsd,2
apuska,1
pusakám,1
pisztoly,2
vagytok,1
Gyurit,1
ej,8
lelött,1
lötek,1
Gábort,3
hintázok,1
anyucim,4
bôlcsiben,1
apucit,3
löttem,1
visszalöttem,1
elvisz,6
apucimhoz,1
hallottad,1
mondott,3
beleesek,1
beleestünk,1
öntöttem,2
ledobtam,1
zöl,1
rózsa,1
szin,1
fehért,1
fölteszem,1
fölvettem,2
megijdetem,1
majdnem,9
megijedtem,3
dülj,4
düljön,1
eldúlni,1
fönt,13
leveszem,2
ledölt,2
eldült,3
összedült,2
kezdi,1
fogjuk,2
ledült,4
potyka,11
potyika,2
eltörik,2
dúlni,1
földön,10
eldülni,1
jeges,2
elájultam,2
picike,3
Dunába,6
csúsztam,1
idegyön,1
csúszok,1
él,2
Duna,5
egysze,1
esünk,2
büdös,4
szag,1
rohangáljunk,1
rohangálunk,2
áááá,1
szaladni,1
gyorsabban,2
gyorabban,1
bölcsike,7
torcs,1
csi,16
tornyot,8
olyant,1
Debrecenbe,1
kéne,5
mmmm,4
mehetnek,1
hidom,1
dongó,6
asztal,24
alatt,4
dongóka,4
pötty,3
rontottam,1
emeletes,1
rontani,1
majs,1
zsazsipá,1
összeszedem,2
kalapács,7
sssssssss,1
kakapácsolok,1
szétkalapáltam,2
csücskit,1
aza,2
püföljed,1
kalapálok,8
földo,1
kalapáltam,2
kapa,5
di,11
adjadam,1
dinikének,1
macika,9
macka,1
macska,4
macsóka,1
megmondtam,1
lehetett,1
fölszedni,1
anyucika,4
szemetes,1
sz,1
apuka,5
elkezd,1
tárcsázni,1
felhivom,1
apucimat,1
abból,4
bölcsiból,1
hazamegyünk,1
jójó,1
lenne,4
Balog,3
Ilona,1
bú,7
csokoládi,1
elbújok,20
bujam,1
falacs,1
elviszek,1
ideteszem,3
kop,26
autóm,7
fordul,3
ulünk,1
neni,3
csinálnak,11
néz,21
nén,1
enyémét,1
elindult,2
labdázunk,5
foci,2
anditól,2
lapátomat,3
mangó,18
magnót,10
nézzunk,1
mangót,5
nézzünk,7
fölmászok,6
bici,3
megállt,1
füstöl,5
bicikliz,1
fölött,2
Moninak,4
elbújt,29
kopogot,1
eger,2
nagyobbat,2
gödör,2
Dorcsinak,2
mica,3
televizió,1
kersz,1
miót,1
dobolok,1
megfog,8
süt,8
nap,14
visszamegyünk,1
becsukjuk,4
rádiót,8
tetejét,3
alszunk,18
párnát,5
Andié,12
párna,21
párnák,1
kockaból,1
kockával,4
nyisd,11
kinyissuk,15
kinyitok,2
kinyitunk,1
kinyitjuk,2
nyuszim,1
vagyyok,1
Dorcsi,10
kiöntötte,4
kimegyünk,6
udvarban,1
virágot,43
réka,15
sütö,1
forintot,7
ötöst,2
pogácsát,2
ött,1
cipô,1
siessünk,6
dob,15
sárba,5
elgurítottam,1
sikerült,8
bácsim,6
vau,27
sört,2
bá,67
Moncsika,9
beletesszük,1
kiöntök,1
bogárnak,2
fulbálozzunk,1
Moni,31
bicilizek,1
simogatom,2
bogárt,3
sütök,1
sarkába,2
beviszem,2
sétálunk,3
öntöm,2
tortába,1
csokolát,1
lapátodat,1
lapátod,1
csüccsüljuk,1
pillángóba,1
szállták,1
utcánkba,1
másikba,2
keres,1
elbújtam,1
Moncsi,184
egér,35
lyukba,10
elmentek,3
rádiot,1
egeret,5
eltesszük,5
alszanak,6
gyerekek,18
motor,13
bujuszával,1
kalapácsom,2
mossuk,4
kezet,8
homokozunk,5
keressünk,2
elbuújunk,1
elbujok,3
mango,7
mangóhoz,6
Bárna,3
mász,6
eldugurult,1
kockák,3
elbút,24
sincs,1
dolgozunk,5
kezeimmel,1
Moncsinak,13
egérke,18
pupa,5
kupa,1
fának,1
kupája,1
fent,1
kéménynél,2
pupák,1
lefeküdni,3
pipára,1
Zolikáé,47
kémény,8
Moncsihoz,6
kakis,5
levesszünk,1
elférem,1
elfér,2
segits,5
tapsolunk,1
Zolikának,10
fércsi,1
halacskam,1
törpebácsi,5
kijön,8
Moncsival,7
bijjunk,1
bogárz,1
mégvan,2
kör,1
csokolom,1
kijöm,1
Moncsikát,1
nevet,4
égér,1
alig,8
bírom,9
aziá,1
bács,24
szoktát,1
kockákat,5
kerékeket,1
meghozom,1
megfogok,2
félgz,1
éger,1
várjátok,1
öld,5
zöltem,1
alszom,5
kéf,1
kety,1
kess,1
kenyért,4
tercsi,1
narancs,1
pa,86
kérm,5
cserelunk,1
elrepült,3
babócs,1
ég,9
vége,9
dolgozok,1
pizk,1
balacska,1
kezede,1
elmo,1
alács,1
buborék,1
törpebács,1
aluszunk,1
aludok,2
megmossuk,2
idô,8
ido,2
elvisszük,2
szerda,1
napoztam,1
villámlik,1
jöttek,1
Zolika,102
autózunk,1
babucska,1
autozunk,1
viragot,2
Zoli,33
Evike,8
tornázik,2
tánc,1
hintával,1
halacs,6
magnó,17
ágyikót,3
picit,14
máma,1
megjött,5
Moncs,7
pipis,1
bogárka,1
pok,4
pokat,1
autók,3
angót,1
papucsom,4
épitjünk,3
tornyat,1
papirost,1
kötény,5
szobába,21
tornot,2
áll,18
tisztába,1
tejet,4
megkeresem,2
siesd,2
tegyünk,3
fusd,1
bácsiká,1
söpört,1
kezemmel,3
házikóban,3
bácsikó,4
homot,1
autozom,1
pénzem,4
kóma,7
bu,41
egyetünk,1
Vio,1
autóval,10
csücsüljünk,2
csücsüljök,1
játszom,2
siess,2
bássi,1
iboly,1
csicsi,17
golya,1
csücsünk,2
megmutasd,3
kocsit,3
Moncsíé,1
szervusztok,3
kicsival,1
Zoliká,14
labdátt,1
labdát,12
bobábaba,1
indít,1
madárka,2
leszállunk,2
autóból,1
föltenni,1
Katike,1
rádióhoz,2
bemegyünk,2
bujok,2
szedjünk,2
lyuk,3
buk,2
anyucikám,4
papucsa,5
verekedünk,7
puskával,1
kardom,1
verekedjetek,1
Moncsit,6
verekedem,1
elköp,1
fázik,6
fölvegy,1
fölveszi,2
táncol,3
papuccsal,2
bebújt,1
elhúztam,1
0meg,1
mutam,2
tornázok,1
csüccsülj,1
kics,1
odaviszem,1
szeg,1
usz,1
virág,19
verekedni,1
segitsel,1
magszógórít,1
mászunk,2
kocan,2
koca,1
puca,1
kilincset,1
tudo,4
egérnek,1
belebüjok,1
mag,4
megetteem,1
kek,1
szétszedtem,1
bacsi,5
gól,2
fiú,15
szétszedük,2
focizzunk,2
kétszer,1
bugorba,1
maradsz,1
csüccsüljök,1
esernyö,1
esernyó,1
elszakadok,3
cupitát,1
piskoz,1
labla,1
pénzt,2
bácsikának,2
ezembe,3
kapunk,1
Zolikát,6
anyuk,1
ágyunkra,1
lapátom,1
apukával,2
ittán,1
bicikli,5
megharapja,2
Tünditôl,1
törbe,3
körbe,9
ké,21
cs,1
unya,1
törp,2
tunya,16
teték,2
tuna,23
Moncsitôl,1
tép,15
audó,1
pioz,1
dizda,1
anyáros,1
ticsi,15
té,9
mény,1
félek,11
autónak,1
bummm,1
Balaton,1
tormán,1
zolika,28
ala,4
told,2
mandó,1
ágyiba,2
csémény,1
témény,8
tormánt,1
tormanak,1
dóitat,2
néd,2
bócsi,1
teretett,1
doipa,1
embe,2
kidú,1
tóna,1
tor,1
tudu,1
alatát,39
ideg,1
titü,1
mamut,1
megmosta,1
temén,1
mutas,1
nénie,1
pitos,1
nénié,5
Ali,1
szum,1
ottan,61
elvisze,2
der,5
tönene,1
jöb,1
tisza,5
tika,1
tikamaka,1
pikos,8
kivegyünk,1
macsünk,1
fölvegyünk,1
autozni,3
bmmmm,1
autózik,7
halatát,3
ó,35
Mancsi,1
Moncsié,35
alata,26
alatta,2
Zóika,1
tezem,2
mita,2
tagyió,1
dad,1
tadíó,1
akar,5
látni,2
baju,1
bácsnak,1
Zolikái,3
szoennek,1
not,2
used,2
témén,1
kéményt,1
oan,1
oida,1
fütöl,1
anyaros,2
adtad,4
ajtóba,3
ajldoba,1
tetövaz,1
do,7
áz,3
mindáz,1
ócsi,1
dué,1
alatá,14
Zolitát,1
mászik,4
üwi,2
óp,1
oi,5
letütülünk,1
tis,2
duma,1
dum,1
tángó,1
tánkos,1
alma,19
tálmagy,1
tánto,1
tánkó,5
tába,1
tôlô,3
medünk,2
titi,15
tukor,7
tuto,1
tap,4
to,20
tutortát,1
Moncsiéé,2
éje,3
moncsi,1
aja,9
Moncska,1
fütyülöm,1
mumutom,1
memutom,1
bojog,1
bügol,1
mindjá,1
ácsi,1
elbú,10
bégpe,1
ozom,9
kakakákat,1
totátat,1
mádi,1
halasz,2
tettô,6
doike,1
doi,1
dota,1
epült,1
ol,1
ént,1
eldobo,1
ista,1
nézzek,4
nyisda,1
pi,43
teter,1
Zóka,1
Zzolika,1
bög,7
pög,1
néda,1
mon,7
mongo,2
mongóta,1
Zóliká,6
bijá,2
bijál,1
méget,1
mégette,1
mégeter,1
sem,12
tisi,2
apuciz,1
anuszi,1
neük,1
ön,4
apa,263
kos,1
óli,1
ídejössz,1
tötönöm,1
tépen,1
aútót,1
elvesz,2
oncsi,1
ték,1
piós,1
ata,8
menjün,1
toron,2
tia,2
dudu,2
em,5
tedünk,1
utánozása,2
ed,40
ideül,2
öménye,1
tész,3
csap,4
Zolié,1
ner,1
nér,1
halata,8
óka,2
táncolni,1
táncolok,1
tánzok,1
vé,3
nin,3
téz,4
térz,2
mréká,1
mrékán,1
albút,3
hal,20
tel,1
tidi,1
tidid,1
odaül,2
owáül,1
anyucihoz,1
nadrágot,2
ebúta,1
ebú,3
terazd,1
teresd,2
terzd,1
terz,1
terezdmeg,1
elteve,1
mindá,11
mülec,1
dá,11
dám,2
tötény,6
oz,1
hozta,5
mindeé,1
egyike,2
an,5
elbúk,7
eldurult,1
elderult,1
kocsiba,4
tivetem,1
toldom,2
totát,1
toták,1
totákat,1
tutyus,1
tenga,1
ók,1
atóma,1
óktóma,2
ófóma,1
ótóma,1
elbúj,5
gyercs,1
odá,2
bum,24
andom,1
Zólikáé,1
ezek,9
bombák,1
Monika,6
ném,2
odao,1
vegyünk,5
venjünk,1
dolgozo,1
dógozni,1
anyuciba,1
edérke,1
ügös,1
azoljunk,1
hodom,1
papír,6
napapí,1
nyits,1
cicamica,2
cicamicát,1
mácsik,2
tita,3
tüköar,1
tükör,10
idé,1
kolát,1
tola,1
kola,1
t,4
sütit,7
píros,2
rókakóma,2
cicaróka,1
sicc,1
titamitá,1
titamita,1
titámicá,1
mo,15
idejöjjön,2
játani,1
titamica,2
rókatóma,1
tic,1
ticamica,1
tolitá,1
térem,2
akátomá,1
rógakóma,1
másika,1
épitjük,5
taliga,1
talika,1
edet,8
máta,2
kucsi,1
bekötni,1
odamedünk,1
kalapá,2
csicsijá,1
dadaka,2
csicsija,1
teretem,4
kalapácsot,2
tücc,1
csicsiba,1
dadak,1
ottán,1
anyuka,22
tutoral,1
fejembe,3
fejende,1
mácsis,1
fél,3
félsz,3
csup,1
televiziót,8
telviziót,1
tutani,1
tánci,7
tántolunk,1
tantáunk,1
okáit,1
Zolikáis,2
taktor,5
tak,22
titunk,1
aútó,1
mászom,3
vezet,7
csicsimamáó,1
csibi,5
épitsünk,1
pingvi,1
torndu,1
csiá,3
buj,11
eld,3
bitók,1
csicsimá,3
dadaká,2
elsz,1
apucinak,1
odát,1
fát,3
elvitta,3
elvit,1
tok,1
dautó,1
dobál,1
rát,1
ota,4
doda,1
bôgre,1
anyucica,1
Bélusnél,1
alat,6
allat,1
ummmmmum,1
husiss,1
Zoltánba,1
isi,2
elet,1
visszajött,2
tornaz,1
téjeg,1
csu,2
építünk,1
mé,7
dodo,4
tináljon,1
víz,24
porogcsaka,1
betetük,2
alul,1
elbújo,1
dokta,1
tóika,1
ida,3
nída,1
máp,1
oizsda,1
térm,1
idába,1
oj,2
odába,1
orát,1
autóva,2
tárgam,1
vanna,1
banna,1
baraa,1
vado,2
alasta,1
óiká,1
mátok,1
eér,2
dee,1
ogtan,1
er,1
tütit,2
nyiss,1
edérte,3
tics,1
süti,7
tüti,1
micsis,1
kötét,2
ú,9
köté,7
tötét,1
tii,1
ooo,2
élbúj,1
lalala,1
nemirs,1
nyuszika,4
alacská,1
ási,1
edér,1
benna,1
ederte,1
bún,1
búndás,1
pál,1
üvöl,1
tóma,1
dobáld,1
óika,2
i,109
pingót,2
nimeg,1
nime,1
földalatti,1
piro,1
piwos,1
zöldek,1
bebújok,1
tevusz,1
tebusz,1
Jozsi,3
tervu,1
ado,5
telefo,1
telefon,11
titálora,1
mede,1
Marcsi,1
hideg,11
aduduawawa,1
tutuelwawa,1
tutuawa,2
ráj,1
pí,2
bibisa,1
tebesd,1
bibi,121
bii,1
brrmm,1
tabad,1
dóika,1
tára,3
papucsomat,6
bissza,1
adobabadobabadoba,1
édaópópeeóp,1
óppá,1
oppá,7
há,66
bábá,3
dabta,1
önni,1
ókáis,1
ói,2
táncoljunk,1
méga,2
mácsi,3
ker,1
töti,4
terete,2
tereted,2
matiti,1
uti,1
dutititát,1
tolatát,1
tití,1
kezembe,10
apucival,5
lovat,2
lovacska,4
rögtön,1
lók,3
ablakon,2
házikódat,1
odaadta,2
törpet,2
eltéptük,1
hajók,4
közepén,2
mamánál,3
veszem,5
szészet,1
szésze,7
rigók,2
golyók,2
fésze,3
szészek,1
megnézzük,13
piga,4
sétálni,5
diók,1
hinta,14
egg,1
tegók,1
pigák,1
pihen,4
lecsüccsülünk,3
golyókat,2
odaadja,3
tányér,5
ebédelni,5
pipázok,4
pipák,3
pipája,6
fütyölök,1
világba,1
túl,3
virágba,1
püngvin,1
tükörök,4
stb,1
elvett,1
pipámat,1
elviszem,4
visszed,1
kivesz,7
bemászni,2
pipát,2
bemászok,8
ágyikóba,3
nevetem,1
odadnit,1
csecsemôt,1
labdák,2
feküdünk,1
mar,2
lábok,1
labdával,3
kastelyt,1
lovacskát,1
lány,2
lovaink,1
tehének,5
cumizzál,1
rág,10
gal,8
lap,1
galambok,1
galamb,1
könyvek,1
olvasunk,1
pancsi,1
alphabet,1
betü,2
repülôk,1
mutassad,1
kicsikém,1
csüccsalj,1
szamdálom,1
zokni,2
beférsz,1
vécére,1
hagyni,1
cipômet,1
rágok,1
meggyógyítod,1
betesszük,2
p,3
ördokta,1
tanci,1
pereg,4
tantó,3
bedü,1
tutus,3
aduk,2
eveszem,1
mandózik,1
szobatiszta,1
tarpebácsit,1
idetetünk,1
törpebácsit,1
alud,3
apuc,2
ementünk,1
da,24
mitinál,1
motunk,1
tappannal,1
tappan,1
motuk,1
oldaljá,1
oldal,1
bugrac,1
Zoika,3
Zoiká,1
mandót,1
bengó,1
bászi,34
ugu,1
gugulj,1
csis,1
megmutom,3
Bélus,6
odé,1
halatá,3
alaták,1
romott,1
dzsió,1
violá,1
pázsik,1
domb,5
Zólikáis,1
oikáís,1
allata,2
evitte,3
hagyunk,1
audni,2
ída,1
tettôt,2
odzom,1
olom,1
odom,3
Doltán,4
doltá,1
tóiká,1
elenbe,1
terzimeg,1
alakát,1
odamenjünk,2
csicsimamáo,1
csicsimamához,3
elveszünk,1
micsinál,2
elvettük,1
vedünk,1
csivettem,5
tivettem,3
kivettöm,2
tietem,1
oló,1
vót,2
tatór,1
tomát,2
tomáz,1
utásd,2
masikat,1
autózni,4
arapo,1
óikáé,1
apja,1
toiis,1
mantis,1
törülköz,1
motátónunk,1
csumedunk,1
vat,1
elfele,1
tta,1
elfolyott,1
tampa,1
táámpája,1
álata,1
dugom,1
doika,1
elmolott,1
elrolott,1
dai,1
aromlok,1
tejeke,1
témé,2
fa,13
eletett,1
timia,1
kitan,1
ben,2
autozo,1
utas,3
ezomotta,1
ezomott,1
ezem,1
ezomlott,1
méeter,1
bacsioine,1
mát,2
pírosz,1
bajá,1
eltedük,1
eldôlt,2
endök,1
teetem,1
tetöt,1
nornot,1
tobába,2
cukrot,2
iti,1
mácsikát,2
ádzsio,2
into,1
autóz,1
mikó,1
nezd,4
fölmászott,1
tom,2
tórom,1
tódom,3
bír,2
iá,2
biák,1
enekelek,1
anu,55
báti,2
pipa,5
Jáno,1
r,1
énekel,2
áno,1
pipáva,1
ándogat,1
anyuti,1
ebújok,2
ebu,1
Mont,1
vidám,1
magnezem,1
magnezük,1
idajön,1
ebotte,2
báj,2
talata,2
matókat,2
apcsit,3
al,1
paputo,1
paputom,1
ebut,3
papucs,12
Ionká,1
tet,1
ábé,1
békó,1
tégnap,1
pá,23
talad,1
tie,1
tala,1
torna,1
ébédelni,1
teretek,1
fete,1
evitt,1
pindi,1
ebút,7
elbut,2
ebéde,1
tervusztok,1
csíe,1
betéptem,1
téptem,1
bácsiná,1
lapács,1
eltépte,4
ebédelünk,2
várunk,1
nnincs,1
készül,1
megenni,2
csodababa,1
levesszük,2
zoknimat,1
traktor,11
traktorot,3
megesszük,3
elütötte,1
fánkba,1
odatette,2
eldobni,2
idetenni,3
fölhúzni,5
kihúzni,1
bácsival,5
jöttünk,5
elgurúlt,1
pingvin,18
küldöm,2
pisilek,6
pisok,1
eltörni,2
megesz,2
pingvint,3
pingvinek,4
játékot,14
leszedtem,2
összerontom,1
engemet,10
ekkora,2
ember,10
bújj,6
antó,1
kajomok,1
megcsip,5
takaritsd,1
boltba,6
megkarmolok,1
futok,1
Zolcsi,3
kikapsz,1
félünk,1
üres,1
gyomra,1
galok,1
kacsád,1
vitte,1
taruk,1
csüccsü,2
elvesszünk,2
kifolyik,1
tojás,1
zabtojás,1
függöny,2
fükör,2
tüköröt,1
piszkoa,1
jegyet,2
heli,2
opternek,1
duga,6
elvittek,1
Bandi,1
búj,5
egérrel,1
egerem,1
megpuszilja,1
tapukát,1
fotélok,1
fotelok,1
csésze,4
megegyy,1
pörög,1
pölyát,1
pelenka,5
pólyát,1
polyát,1
findzsát,2
findzsa,1
valamit,9
tetek,3
fész,1
bán,1
megfürdik,3
kiöntöm,1
fözöm,6
fagyik,1
bántom,1
hamis,1
alzsik,1
bánt,7
rágni,1
Zoltik,1
kelvirág,1
megnézzünk,2
ezektôl,1
bagolyok,1
térde,3
térdecske,1
lent,4
apucikám,3
apucijön,1
olvasd,2
kisnak,1
hívták,1
usznak,3
pérék,1
elvesszük,2
papucsokat,1
széken,3
pingvek,2
összemennek,1
bújjunk,6
piszok,1
nagytata,1
tatát,2
majom,13
majomok,1
felét,1
szádamba,1
katonát,6
kenyerek,1
kosárak,1
kiöntöttöm,1
börét,1
megmosom,3
pisilnek,1
kakilok,1
kukucskálunk,1
gvinek,4
gvin,1
gvink,1
meggyógyitok,1
eddig,7
papucsát,1
taru,7
bedobta,1
bimbók,1
ís,1
csinald,2
meggyógyítsuk,1
megnyom,1
lábamat,2
lábalam,1
megszúrt,2
lábat,2
megcsíptem,1
csikó,3
csikók,1
megmosni,1
apukám,4
fölveszem,4
Balatonra,1
cipôvel,1
egérre,1
befüzni,1
nedves,1
húztád,1
évike,2
ezekkel,4
kekset,3
menjü,1
udvarra,4
kalácsot,2
kekszet,8
udvar,1
bántani,4
magad,1
becsukni,2
csip,9
puszit,4
ómami,1
szól,13
kéret,1
letörni,1
kinyissni,6
gi,3
elmenjünk,1
fölvenni,9
vattát,1
öm,1
fölmászni,2
attól,1
egéret,3
megpuszil,1
puszi,3
simogassuk,1
kopogni,1
egért,2
félni,1
egértôl,1
jöhet,4
kezével,1
elvittem,1
négynéni,1
megcsíp,1
elbújjunk,2
fönie,1
mellett,1
barlangba,2
eldöbe,1
megfogni,10
leteszed,1
fótel,1
jalta,1
lovata,1
gyi,4
istálló,2
mondtam,3
kiül,1
kosárral,1
fölülsz,2
lóva,1
elszakadt,1
meglök,3
erdöbe,1
romániaba,1
hegyek,1
patak,3
fürdövízbe,1
tantón,3
kit,3
lámpát,4
szereti,3
fénnyel,1
csimcsum,1
csumm,2
vatta,1
kinyitni,2
hallgatom,2
bekapcsolom,4
kikapcsolom,1
gombbal,1
csereljünk,5
0ki,1
másiknak,1
fölmegyünk,1
poros,1
pipám,1
halak,1
gó,6
hala,8
esésze,1
bedob,1
karát,1
kérék,1
tehénet,1
kockám,1
arat,1
bemászunk,1
kéke,1
petét,3
fajót,1
fajó,4
faló,1
folyó,1
kugli,1
mosár,1
guritó,1
pancsizzunk,1
iszunk,1
felvegyük,1
dugdug,1
beferjük,1
fölvesszük,3
Moncsitól,1
villany,3
szed,2
szorják,1
tégla,1
elmenni,2
becsukták,1
Moncsikám,1
tatabányára,1
leszállsz,2
vezetek,3
megford,1
dug,3
ták,2
visszajövök,1
spáj,1
bôl,1
idetesszük,1
leszállok,3
beletenni,2
visszaadod,1
beülöl,1
pirosba,2
másikkal,6
kormány,1
golyát,1
daru,6
motorozok,4
dudálj,1
feljön,1
féltem,2
pisilünk,2
betolni,1
visszamegyek,1
autózzunk,1
kiviszem,3
taligámat,3
fölmegyek,2
taligámmal,1
bör,1
szóbába,1
tologatni,1
tolo,1
autózok,4
taligázok,1
taligázni,1
pimbók,2
pin,1
eltenni,2
csat,4
csatolják,1
bácsik,9
tehérkocsi,1
elviszik,1
autónkat,2
semmibe,2
idefigyelj,1
figyélj,1
összekapcsolják,1
felvenni,1
visszahúzzák,1
szekérbe,1
szekér,3
bevinni,2
aut,1
bemenjünk,1
mesz,1
mivel,3
átszunk,1
visszahozza,1
visszahozták,1
bemászik,1
amásik,1
reggelizni,1
eli,1
kocsikázni,1
visszahozzák,2
délután,6
hintázzuk,2
bekapcsol,2
palinta,4
után,3
odatenni,8
kicsatoltam,1
csinós,1
maid,1
guritani,3
guritsuk,2
bebántok,1
füve,1
repülôt,1
reggeli,4
uzsonna,1
papi,5
bási,2
eladta,1
mutatókát,1
mutatokát,1
mutatok,2
autát,1
vita,1
Zólikának,1
adt,1
szérsz,1
ü,36
autt,1
mátit,1
vetô,1
vetû,1
veszünk,5
talag,2
dóra,1
töni,1
talagot,2
vettünk,1
talkát,1
Dóiká,1
adóda,1
tazi,2
ádikó,3
itte,2
migább,2
migá,1
mida,2
keménye,1
vedek,12
lak,2
csicsiva,2
csicssva,1
bedua,1
baboda,9
tocsi,1
babodák,1
babá,1
dogóni,1
at,40
ozo,2
ozok,2
mátyika,1
öldek,1
avat,1
ude,7
barna,5
elhozza,1
bartá,1
csinal,2
n,28
duuu,1
pôr,8
leúde,1
pôrdek,2
pôrde,1
pôrd,1
pôd,1
pôrt,1
edurút,1
csiez,1
pôre,1
mászol,1
óitai,1
töbe,1
pip,8
bácsiva,1
tükröcs,1
állat,2
dógózik,1
potába,1
bás,2
Moncsie,1
igyün,1
bujd,1
elbuk,1
elnuk,1
móliká,1
terbusz,1
tod,1
tód,1
csével,2
csé,2
üljök,1
átuk,1
odaté,1
fölmegy,3
fao,1
bégy,1
etört,1
háza,3
mindet,1
ázat,1
tütetem,2
roka,2
kómával,1
elteszük,1
alacskát,1
eltetü,1
ok,2
devosz,1
elmarat,1
ebite,1
papí,1
óká,1
tómá,1
elvite,1
tütentél,1
Monti,1
keresd,4
tun,1
ágyok,1
ágyikók,1
odasz,1
ende,1
tente,10
fölmá,2
fába,1
fölmaszok,1
pára,1
taktork,1
ten,2
totába,1
ene,6
uda,1
néndô,2
abút,1
nédü,1
otog,1
óigai,1
óiga,1
top,2
til,1
biga,4
bwo,1
kasz,1
töp,1
dodagás,1
baboz,1
doboz,1
dobo,2
ablakok,1
székek,1
kalapáncs,1
kalapa,1
lapán,2
foék,1
poék,1
nála,1
szek,1
tezünk,1
terezünk,1
eg,1
ek,1
betette,1
szekrénybe,1
autója,1
megveszik,1
lecsüccsülök,3
táskádba,1
megkér,1
spájzba,4
elkeresem,1
spájszba,1
ottvolt,1
begombolok,1
fánál,1
bekapcsolni,6
visszakapcsolom,1
csecsemônek,1
cumije,1
keress,1
kavics,5
keresek,3
szedem,1
derenda,1
udvarba,1
autoja,1
fussun,1
k,4
kapocs,1
száraz,1
levél,1
szársz,1
betón,2
Molnár,2
garázsa,2
visszamenni,1
csüccsülünk,1
mosogat,2
mosogatom,2
lapáto,1
pancsolok,1
kicsavarni,1
kinyiss,2
csapot,4
kicsavart,1
kenyér,3
ugott,1
bogáro,1
hitamak,1
szaladsz,1
följössz,1
biciklinek,1
kulcs,2
kulcsot,1
elhervadt,1
hoztál,1
mozognak,1
szúrt,2
lecsüccsülni,1
hoz,5
enge,3
csomó,3
kiszedte,1
fák,3
kosárba,1
alu,1
játékok,1
sarokba,1
alszok,13
visszatenni,1
bi,29
függö,1
mos,12
Lacié,1
anyukát,5
feküdödök,1
megfésülök,1
szíj,1
kikap,1
hozni,3
asztalt,1
idetedd,1
dolgoznak,2
kapok,4
nézek,2
Heti,1
csipesz,5
küldtem,1
csipeszek,1
csipeszemet,3
csipeszed,1
legyél,1
decsis,1
hentes,1
husikát,8
uszikát,1
ucikát,1
dolgozik,3
megveszem,1
odatettem,2
ugor,1
guggolj,1
düdü,2
farani,1
csacsi,100
megnézek,1
elfelejtünk,1
megcsiptem,1
lácsi,2
csipeszem,1
Andinak,3
veszekedni,1
nadrágat,1
jövünk,1
forintomat,1
megvere,1
sírj,2
elütöm,1
forint,1
masi,1
szez,1
csipari,1
düteköd,1
megfázok,1
odamenni,2
pisti,1
elmennek,2
szedek,2
szöllö,1
füzö,1
darumadár,1
kisbaba,20
kezébe,2
forinto,1
elfényképezni,1
pokroc,2
eny,2
ém,3
fújni,1
harisnya,2
fölveszek,1
leveszünk,1
megvesz,1
nektem,1
megborít,1
ancs,1
pöttyös,2
megnéz,19
fület,1
mászni,2
hózni,1
táskád,2
légyet,2
többiek,1
többiekem,1
fussunk,2
szednek,1
szedtük,1
hóztál,1
épitem,1
pokrocra,2
csoport,1
csoporthoz,2
mesélek,1
vödörhöz,1
megások,1
iskolába,10
eldölni,1
tanulni,3
táska,8
mozsát,1
szedni,1
voltál,4
attila,1
aki,7
játsszunk,5
idebújni,1
sziati,1
megugat,1
simogassunk,1
tutut,1
eszt,8
aszt,3
toll,7
töltôtoll,1
leetett,1
júj,1
tü,28
oppáré,1
fan,1
tiga,5
es,13
tejék,1
tetitél,1
ess,1
mam,5
töbi,1
többit,2
többi,11
babák,6
tolom,3
kalét,1
teté,3
abak,2
vuvuv,1
keitésen,1
hun,6
áji,1
hopsz,2
mamó,2
otan,3
vegyek,8
tututut,1
magába,1
csináni,1
papijt,1
papij,2
kéjsz,3
öcsi,1
í,6
opan,1
ató,21
töjt,1
kerék,2
nó,3
toda,1
ráetik,1
ketô,1
íii,1
eltöjte,1
töjti,1
puj,2
tád,1
íi,1
esz,7
eltöjt,1
leet,1
óz,1
othun,1
töb,1
niiincs,1
csenek,1
ráütök,1
tön,1
töltô,1
ö,235
ele,2
téem,1
tuda,1
tütüt,1
aaautó,1
letett,1
öh,36
atat,1
kevék,1
öö,18
et,20
ippol,1
dö,2
öd,2
tigyi,1
oppan,1
lé,1
huzd,4
reggeliszni,3
összerakom,1
helye,12
tesszék,2
ik,1
éné,1
ené,1
kutyusomat,1
adda,28
kutuszomat,1
elviszi,2
csücsülök,2
masik,1
szarokba,1
kitépte,1
niss,1
kiveszi,3
vász,1
mászikba,1
bász,1
bászikok,1
papája,2
honnan,1
levegôbe,2
zzzz,1
belátok,1
ragasztva,1
visszatolom,1
akkorát,1
kilóg,1
huuu,1
benyúlok,1
teszi,2
ujjamat,4
lóg,1
feneke,2
lábuk,1
helikopter,5
kilát,3
apukája,3
teszik,1
reggelit,1
bemennek,2
kiesett,5
helikoptert,2
megtaláltam,1
kinyitotta,1
motolt,1
motorozhatok,1
seb,5
sebet,1
szaladgáljon,2
szaladgájon,2
hagyót,1
törve,3
mindent,4
Dunán,1
Katikám,1
tüttü,1
kélek,3
kacsát,4
odagyött,1
idejött,5
eles,1
hehe,3
nyitva,2
bababot,1
odahozta,1
rólam,1
elfáradt,1
valamilyen,2
keresem,3
akkol,7
próbálom,1
megpróbálom,1
pizsama,1
azél,2
luk,1
belefér,2
könyvet,7
odajött,1
fölemelni,1
reggel,4
futott,1
kinyomom,1
tetejit,1
kitolom,3
kélem,7
teherautót,3
akalok,1
Balatonon,1
megcsináljuk,3
virágosat,1
ész,2
mást,3
kelem,1
hintának,1
kutyával,1
csacsika,1
hozza,3
csacsikát,1
kapaszkodok,2
megfésülöm,1
haja,4
melt,2
megfésülni,1
ráült,1
meghintáztattam,1
Fadiba,3
sajnos,1
busszal,4
ssel,1
Vörösvári,4
héten,1
nyolcadik,2
emeleten,1
dédivel,1
papával,2
mindenkivel,2
magason,4
papának,2
dadinak,1
valamikor,1
kadom,1
0kádam,1
kád,6
mélt,2
málnát,1
kolbászt,2
mustárt,1
csípôs,1
szilva,2
ebédelek,4
fésûvel,1
forditotta,2
fordit,1
halacsakát,1
eném,15
becsukhatod,1
duli,1
budis,1
gumi,5
hidek,1
ültek,2
játékom,2
úszkál,2
vizben,1
garázomba,1
bemehetsz,2
mindál,7
nagymamám,1
nagypapá,1
garázba,1
mél,6
nissuk,1
azélt,1
zárva,1
felüljáró,1
felôüljáró,1
felül,1
tehér,1
kiszebb,1
kissebb,1
rókat,1
forgatni,1
úszik,2
uszkál,2
visszateszek,2
föltetted,1
odatesz,1
nadobb,2
kölbe,3
alala,1
megkapod,3
szétszedte,1
játszott,1
tehén,6
kutus,2
mondja,6
elefántot,2
jumbo,1
Jumbi,2
állatkertben,1
eladtál,1
várja,3
ettôl,1
aminek,1
kalapja,1
átmenni,1
tengérbe,1
zsákot,1
sár,1
selhô,1
falka,1
kalka,3
elgurultak,1
mel,1
liba,1
füldô,1
széket,17
tudott,2
mál,4
kopogtatni,1
kipkop,6
megkalapázhassam,1
tanár,28
házacska,1
bemen,1
szokunk,1
szoktunk,1
nadon,31
kutám,1
eltörött,7
szögeld,1
este,7
tavaszon,1
télen,1
motorozni,9
füsztöl,1
töröljük,1
nózim,1
roká,1
kéreszem,1
mászi,3
kéményet,1
maszim,1
rókám,1
lakik,2
vigyázok,1
báci,10
eveszi,1
nezz,2
miszináltam,2
tû,25
legelô,1
tutu,2
szállits,1
táktor,1
tüü,1
fül,1
maszi,9
háta,9
leszet,1
lelökte,1
traktoromat,1
takto,1
mindik,1
0tessék,1
lálép,1
0rálép,1
bujt,1
ut,4
emelet,1
lifttel,2
elkésztem,1
tapszi,1
pap,2
Miklósnak,2
0whispering,1
kelk,1
neke,2
kellete,1
tudunk,2
motorzik,1
ninsz,2
motoromat,1
levágom,1
körmömet,1
szubutt,2
piszkosz,1
moszom,1
mosom,1
szappannal,1
kezüket,1
lábukat,1
belement,3
fülébe,1
önnek,1
macim,1
ada,9
vödör,3
golyo,1
fehél,1
0fehér,1
pilos,1
fûzni,7
kolompot,3
leden,2
0legyen,1
darut,5
ilyent,1
épiteni,2
dalut,1
0darut,1
hely,5
mégy,3
felszedik,1
pijos,18
hatba,1
irok,1
irni,1
pilost,1
gurul,2
ceruzát,1
halásba,1
halaska,2
dugjam,1
daluuu,1
rádiomat,1
eldôl,1
levetem,1
összeszedte,8
nak,3
eltörtem,2
láb,2
zsebem,1
összszedte,1
összekeverte,1
halát,3
fûzô,1
befûztem,1
rádio,7
befûzni,1
beköte,1
ajándékot,8
fûzôt,1
vett,3
behozom,1
télapócska,1
vödörbe,1
megfázik,2
ádam,1
lépszô,2
kaplépszôt,1
enyéd,1
szilmat,2
lemet,1
elettem,1
0elestem,1
kiko,2
kikop,1
kikokalapácsot,1
viziló,5
nagyszája,1
rádioat,1
nadragom,1
elcsukta,1
jádio,1
manuskát,1
motoro,1
helyén,1
fuss,1
len,1
tetsz,1
0kérek,1
szétszedni,1
elvitték,2
szólt,1
enémet,1
szétesett,3
száj,5
köten,1
olaj,2
hozz,2
odarak,1
halakat,1
motorat,1
hoa,1
nyuszi,35
váru,4
várá,1
pók,2
kalapácsomat,5
semni,1
diót,5
szépem,1
kip,6
reggelizek,2
kerekeit,1
óóó,1
forditom,1
fejüket,1
oldalra,2
világoson,1
szemük,1
elforditom,1
kerekük,1
kere,1
forditsuk,1
tututututututu,1
odd,1
tede,3
augo,1
audu,1
audo,1
ír,16
ke,56
tigris,4
tessek,2
azert,2
azutan,2
álmodozok,1
törd,1
rekámé,1
bajusz,2
Monié,3
fözô,1
okos,5
mosott,1
bicikliztem,1
betakártam,1
betakart,2
búgyimba,1
fölkapta,1
megtörültem,1
anyukának,2
nénik,1
kiviszi,1
sírok,1
ila,4
csonakazni,1
bantott,1
talicskázok,1
haragszik,7
adi,3
dunyha,3
talicskázzunk,1
lyukban,1
Andie,1
hozunk,1
verzik,2
jo,11
addide,7
kotenyt,1
anyukanak,1
mosogató,2
hazikót,1
vonatotam,1
eldobjuk,1
kutyuska,1
lasa,1
kockámat,2
ebed,2
palacsinta,2
káposzta,1
szobaba,1
pisi,21
gyarba,1
puskam,1
odateszem,1
tole,1
Monitól,1
kikapom,1
Andihoz,1
birom,1
csescemönél,1
labdat,1
fekudj,1
megnézzuk,2
taskaba,1
bölcsôdébe,1
bölcsôde,4
mezitláb,4
bepisiltem,1
vér,1
lecsuccsülök,1
bekakakalom,1
mindjart,1
besirok,1
vogyok,1
kirandulni,2
kirán,2
idemegy,1
veszekedünk,1
font,1
uszni,2
ágyunk,3
elrontották,1
lábom,3
kezemból,1
megütöm,2
fürödsz,2
anyucinál,1
furdette,1
homokoztam,1
szortak,1
cernát,3
ityet,1
becsiptem,1
cérna,5
maszni,1
penzbe,1
felálltam,1
lettem,1
odateszik,1
ittvan,1
eltéptem,3
sirj,1
rókakoma,1
Lacis,1
barát,1
eltorött,1
pusziját,1
babátom,1
leestem,2
fárol,1
kutyám,1
lábda,3
parnát,1
csok,1
haragszok,2
csukva,1
lábdazok,1
elrontott,1
nágy,3
kislany,1
vágy,1
vágyok,2
pisis,1
nadragba,1
szaladgázzunk,1
csucsülünk,1
háziko,1
körte,9
esô,2
bogar,3
ceruza,9
ceruzám,1
házikoban,1
letenni,1
éles,1
lábomba,1
fiat,1
árnyékba,3
megáztam,1
mög,1
rókától,1
rokakoma,2
elteptem,1
faradt,1
terrasz,2
kukuriku,1
kutyaról,1
mosni,2
faj,2
csonak,2
csonakba,1
megyunk,1
csonakázni,1
hozol,1
autot,1
szeretek,1
addvissza,2
papija,2
reka,1
agyikó,1
eltépt,1
aludtam,4
autoba,1
megtakarlak,1
kopog,1
írok,1
összedölöm,1
mokuska,3
karikám,1
szita,5
fölálltam,1
lyukamba,1
lyukból,1
apo,4
fá,3
hállo,2
megkéres,1
fû,1
Monikáé,4
kéreke,3
senga,24
haha,8
opp,2
bimba,45
Panka,193
áo,2
odó,2
adó,2
vauvau,35
hopá,2
ao,5
Zsuzsa,1
cup,2
otó,1
kopé,6
ko,7
kopi,2
boko,3
füszoba,11
szoba,10
füszob,1
eme,5
pis,30
ódá,5
ot,22
gyumá,2
dumá,1
dumadum,1
füjdi,2
babi,12
szeké,2
kebe,2
napa,4
hao,4
teon,3
basi,2
tizs,2
sa,3
sap,19
bim,14
szoa,2
napapa,7
nana,12
tena,1
tükö,9
füdi,28
kindu,2
Ez,28
Panna,50
Ezt,6
A,21
Háta,2
hátadnak,4
simijja,2
simi,1
si,7
Maci,2
nomo,1
párduc,3
elbújtak,1
sátorba,2
biztos,14
Me,3
mennyi,3
Mennyi,1
Róka,1
nénéni,1
Jön,2
Enni,3
Macinak,1
enni,20
Megmos,1
megmos,3
Nem,73
Hát,44
on,1
Igen,104
Odacsücs,1
odacsücs,1
odacsücsül,1
Másik,7
csücsül,2
másikhoz,1
Üccs,1
esznek,6
megnézi,8
Jó,14
segít,5
nunú,2
Hozz,1
Nyúlbábot,1
nyúl,7
cicák,1
Látom,2
Szia,14
mijajó,12
Otthon,1
Mijajó,3
Megnéz,1
hangos,1
Minyáó,1
Sepu,1
kettõ,51
nagyszobába,2
nagyfiú,1
Szervusz,1
ajutóba,1
Biztos,3
búttak,1
Megint,5
megkeres,3
babákat,3
belerak,1
hálózsákot,1
rápakoltam,1
Ne,5
Jaj,3
Tanár,10
babakocsit,1
Néni,1
ücsül,1
Pici,5
tolja,2
Ott,12
De,4
bimbott,2
másikok,1
Ge,1
gereblye,2
Itt,15
Hol,11
Így,9
belelapátol,1
Most,13
Homokozunk,2
késobb,1
vigyázol,2
Hápháp,1
hápháp,5
Nézd,11
eztet,1
Ennek,2
sikerül,2
elkapni,1
Apa,10
segíts,3
Nagy,2
krokodil,7
kivi,1
Jajajajajaj,1
Megeszi,1
Valamit,1
bekap,2
hammhamm,1
Mondd,1
micsinálnak,1
apukát,1
kinyit,3
Apuka,2
Oda,3
meginni,1
Majadj,1
majadj,1
Tessék,6
Anyuka,1
soká,2
nagyzsiráf,1
Met,1
ikojába,2
Megy,1
Hátizsákba,1
tollat,2
Innyivaló,1
csön,2
Itthon,1
Hoppá,1
Láttam,2
lecsücsül,2
Pis,2
Székeket,1
Hozok,2
Aludnak,1
Kocsi,1
sike,2
Sepru,1
Szi,1
fogtam,1
papírt,1
picik,2
innivaló,2
Hova,1
tûnt,1
Simson,9
állnak,1
Ide,2
mellé,1
happy,1
birthday,1
anuká,1
fözt,1
Hátizsák,1
tudjuk,1
elmond,1
háko,1
mákom,2
elmesél,10
megtanít,2
koppkopp,1
mindenki,8
Jöttem,1
jöttem,2
je,35
verset,2
jeje,2
Papa,1
Nyuszi,1
Szimszon,2
fürödtem,1
Egyedül,1
jöttél,1
házamat,4
Papám,1
mamám,1
Dolgoznak,1
egész,6
hátizsákba,1
állatokat,1
Fókát,1
vizilót,1
jegesmedve,1
jegesmedvét,3
Nagyon,2
megmond,1
kettő,71
eto,1
pont,34
ehe,9
üh,4
bo,42
pon,1
sásá,1
sapsap,6
hmhm,8
öhöm,2
pani,2
sapka,7
sá,18
popo,6
füe,1
cipő,8
üüüm,1
kö,12
bobo,3
pedá,3
bua,8
dádá,4
idá,5
rajzolta,1
aöa,1
ügyes,12
igazi,2
búvár,1
hopp,10
h,84
labo,1
seka,1
nene,8
digidigidigidigi,1
nu,6
szöe,1
pé,22
pén,4
tao,1
kimászik,2
maki,2
kimen,1
rászól,22
kukk,19
kimász,6
üm,1
lápa,1
Pa,10
cseng,2
szóbá,1
szobá,2
fõz,1
tee,1
fürdi,2
bab,4
ije,6
ujá,1
bigbíg,1
néné,6
naka,9
ee,4
hüp,1
iga,2
bö,15
homó,3
gugu,2
hh,5
mh,9
tö,15
iiii,1
böbö,8
cipõ,38
szomorú,9
örül,1
felhúz,1
bedug,2
néa,1
tittituti,1
kui,1
hapi,31
no,9
fölmász,1
kejse,1
husi,1
körberakni,2
köbe,3
szipi,1
odad,1
körberak,1
jobá,1
elszökött,1
Gizi,5
Sári,4
dede,23
krumpli,13
megrág,1
fömen,1
veltû,2
kistányér,1
villa,1
Klái,1
üjet,1
ondaje,1
bibiba,2
bibibaba,1
bibibibi,1
Péter,36
mesziö,1
kapu,20
babané,1
ekü,1
hapci,4
dódu,1
jászó,8
já,32
fürdik,15
ejnyebejnye,2
irgumburgum,2
happá,2
fekte,1
szó,4
vauvauvau,1
kutyára,1
mené,1
emosogat,1
ig,8
telló,2
telefonál,1
tejó,1
tejo,1
szaba,3
megkérde,2
fö,10
dön,6
vövön,1
aba,22
mosdó,1
iki,1
kiszá,1
dotó,12
oldön,1
ninó,7
emen,2
sepû,2
evijé,1
mefog,2
tálá,1
tátá,4
tá,50
mindenje,1
itta,13
szé,8
üt,3
szomo,5
meüt,1
sátá,2
sákán,3
metáj,3
sáka,1
száka,5
megi,3
emesé,4
szálkát,1
száká,2
soka,1
jossz,8
egérkének,1
kismacinak,1
Kismacinak,1
egérkénél,1
Megfogni,2
Megnézzük,2
Úgy,1
Szamba,1
Hoztam,1
Párnát,1
Ilyen,1
Olyan,6
kisbabának,2
feküdni,1
fölébredtem,2
Semmit,1
hogyhogy,1
gyermek,1
kisgyermek,1
Ezen,1
Ezzel,4
Kislány,2
ágyam,2
nagyfiúknak,1
ágyuk,1
Pannának,1
ágya,6
Kicsikét,1
Kicsike,1
visszabújok,2
bodorka,1
Menjünk,4
játszótérre,5
anyukával,1
Homokoz,1
homokozok,1
fürödni,2
teknösöknek,1
akváriumba,1
Szeretem,1
Én,12
téjdem,1
Bal,1
Jobb,1
Hm,2
bal,1
Ágyba,1
fekszek,2
Vagy,1
doktornéni,5
Beteg,2
Egy,3
könyök,1
Há,1
Még,2
Megnézni,2
Megnézi,4
vizsgálja,1
maradok,1
Inkább,7
odamenne,1
kavicsba,1
gyógyultam,1
meggyógyultam,2
végre,1
Jajj,1
jajj,1
jobban,8
felhúzni,2
beb,2
khm,1
nanka,2
picika,3
kök,1
ama,23
ööö,1
dinne,1
napapi,1
picipapi,1
bábi,6
zsuzsu,1
natibi,1
picitibi,1
kumpli,9
kuku,3
cse,4
ie,4
hama,1
hús,5
káp,1
kumpi,12
nyam,5
csacsinak,1
krumplija,1
mg,8
seko,2
sek,3
nm,2
tepa,3
bó,24
tm,4
og,1
áh,11
Zsebibaba,12
Kanga,16
hmo,1
amama,2
dü,4
düde,1
dáka,2
nena,1
deda,3
dáda,1
dedede,1
kompam,1
ani,1
sü,4
tetéte,1
mana,3
csacsita,1
mako,1
gg,1
züm,5
jö,3
akajok,26
bimbam,12
gui,1
huhá,5
bao,4
sûe,1
süe,1
sarka,1
szü,3
süle,1
mad,1
ín,1
buí,1
csa,4
kopkop,5
eng,3
b,6
háo,2
éaé,1
kickic,1
kickam,1
kikikikam,1
dam,14
kiti,12
kam,1
tim,7
todo,4
doto,15
sétá,8
Pan,14
fű,2
dokto,1
mamamam,1
zuhanyozik,1
pipi,21
bili,3
pelenká,1
kettőkor,1
nta,1
panyata,1
széke,2
bene,2
zsepi,2
szipan,6
pua,1
csúa,1
pú,2
áj,5
csua,4
váj,2
panta,5
ütön,1
matü,1
ini,3
sziso,1
hapó,2
megtöröljük,1
sipan,1
szi,3
apáé,1
háté,1
bujita,1
hahó,2
sátor,5
fenne,1
bebe,4
taka,9
senka,3
bib,2
bajátnö,1
Rita,1
lita,2
ita,2
szip,1
szippan,1
han,2
gyurmát,4
Gabótól,3
hiszem,5
kerül,1
Békéscsaba,3
án,1
elöbb,1
alá,2
hurkát,3
hurka,1
csinálnom,1
éppen,11
szem,2
kicsikét,1
kicsik,1
asztalat,2
kez,2
akartam,2
szeretni,1
megszeretem,1
nudli,1
odanyomom,2
mindegyiket,1
összenyomom,1
dolgokat,1
szine,1
szinûek,6
azok,5
melyikre,2
ezekre,1
mondani,1
ugyan,2
napocska,3
szinû,6
aj,7
ajutó,1
fehéj,4
fejéj,1
minek,1
szinûje,1
mûjejek,5
japonát,1
csiájok,2
belôle,1
seteke,1
gyujmázni,1
dujmát,2
építsünk,3
mindegy,4
homokozó,1
iskojás,1
ojónéni,1
ojóbácsi,1
tanító,10
samatanító,4
samata,1
találkoztam,4
ve,3
iskolámban,1
csacsiban,3
csacsin,1
márvele,1
dödöhinta,2
pötyihinta,1
pötyi,4
segítség,4
as,1
deekekkel,1
találkozok,1
dujmázok,1
pédájuj,1
sájga,6
porszívónak,1
kejeke,7
épp,2
kezdem,1
csijánunk,2
mûjetem,1
odaxx,1
csiáttam,1
direkt,1
alakú,1
szinût,1
építek,2
csijájok,2
tanítóné,1
valamelyik,3
megnézd,1
odavaló,3
idevaló,2
berakom,1
duplók,1
iderakom,1
kancsó,1
útba,6
vüö,1
nánt,1
kettőt,6
banán,5
háom,1
körtét,1
eper,2
ahn,1
nae,1
temomo,1
kukorica,1
temote,1
x,3
nemm,2
madarasat,1
maciho,1
medve,2
sapso,1
keresni,3
sepü,2
mámá,1
odána,1
panka,14
kamera,1
kető,4
nagybabák,1
tip,8
bújócskázni,1
ebaba,1
hinták,2
mente,1
hanna,2
panna,1
pán,2
abubu,1
pár,15
pank,2
köme,1
dó,1
kupi,29
tema,9
dé,2
előveszed,1
kártyás,1
előbb,1
dobozba,1
teljesen,1
összekeverednek,1
betyuma,1
betû,9
ua,9
hmn,1
épü,3
hamham,8
aludt,1
jöjj,1
néger,2
apé,3
paó,1
gegö,1
südi,1
eõ,10
masz,2
homo,8
oma,1
bimbi,2
sim,4
játé,1
enene,1
meggyó,2
cimi,1
szimi,2
Piri,4
bõ,1
nönö,1
mimi,3
seba,1
sepi,2
habi,1
pisil,3
ps,10
szo,1
pispis,1
hám,16
nyi,5
didi,5
sekö,1
keü,2
dõ,3
szétdõl,1
önt,3
pisitettem,1
nagypapa,2
szád,1
hej,5
he,3
kakajs,1
peti,2
kuk,5
séta,25
eloo,1
oa,1
elooa,1
ooa,1
eo,2
jijiji,1
jé,5
bababa,5
oo,3
obibi,1
talpa,2
ji,3
jip,3
pönti,1
pön,2
gebi,5
pisz,3
uapáto,1
etû,1
ühüm,4
mémi,5
popi,8
ühü,5
csiná,3
kötöz,1
bibibi,1
uk,1
cici,2
sop,1
bot,8
álli,1
epak,1
ato,4
u,7
rendõrautó,2
dédi,1
mentõauto,1
jed,1
û,4
zuhany,3
zuhanyzik,2
biba,5
babim,3
mata,3
teo,4
lapam,1
nyom,14
gom,3
ket,6
úty,1
tük,1
micimackó,4
tüh,1
nézi,4
hádne,1
csaku,4
kakaósbejgli,3
kakaobegi,2
kakaóbegi,3
kati,3
pabáti,2
paba,1
pako,3
udan,2
sapó,2
pik,1
sírt,4
nya,4
ajo,1
szoktál,1
előtt,1
apunak,3
nei,1
nika,1
koni,1
kani,1
kondampa,1
pöti,2
pöt,1
széta,1
om,1
vu,2
hita,9
mia,1
pssss,1
sss,2
bilibe,2
neda,1
beütötte,4
dotor,1
mije,3
mábán,1
ábán,1
deliket,1
hé,6
huá,4
ine,1
keme,1
bani,2
széké,1
hmg,1
sót,2
digidigidigi,1
digá,1
gyebá,1
bemba,4
bibie,1
pss,3
digidigi,8
digidiga,1
digi,2
keka,1
kuká,2
Panni,4
bolt,5
ci,6
dide,1
tú,1
pet,2
haó,3
dub,7
vuvu,1
psí,9
psi,4
hop,4
néne,1
babom,1
kem,5
nako,1
sál,3
mamo,1
temama,1
cip,11
csoka,1
csipi,3
cso,2
semm,1
sapo,1
digidi,2
bebá,1
böböb,1
sapi,10
naba,1
nabbaba,1
nababa,3
ijá,2
nam,4
ketõ,3
ketõko,1
Pumukli,6
Találkozni,1
állattal,1
találkozni,1
Mezitlab,1
õneki,1
És,4
õ,8
icsi,2
viszi,1
Azért,5
kisállat,1
menézni,1
õt,3
megütöte,1
fejét,1
megjöttünk,1
Deho,1
Az,7
bementek,1
Megnéznek,1
kórház,1
betes,1
nyugodtan,3
gyógyteát,1
annyira,4
lábam,2
meggyógyított,1
lefeküdtem,1
Milyen,5
látogatóba,4
akarunk,1
Si,1
ss,1
Azt,4
beszéltem,3
egérkét,1
menjük,1
menné,1
Te,1
oldalon,1
Mehetünk,2
Sziasztok,1
Ö,2
iskolá,1
kikészi,1
iskola,1
Ök,1
kisi,2
deje,12
kikis,2
lakok,1
megkeressük,1
Pumuklin,1
tengerbe,4
semmilyennel,1
fürdök,2
fürödj,1
Már,1
óvodába,6
bölcsödébe,1
fürödik,1
füröd,1
jéa,1
hajamat,2
nyakam,1
tavaly,1
nyáron,1
kisebb,1
vízbe,3
cum,3
cumpu,2
nen,1
neme,1
Sanyi,3
him,1
any,4
bip,1
mamamama,2
piri,1
gizi,1
emi,3
tipi,4
mamama,1
gabó,11
történik,11
jájul,1
gyümölcsöt,1
kanáj,3
Melyik,1
rajtam,1
öjembe,1
Miért,6
fürdõruhába,1
min,2
Anyu,6
Isti,1
Ljátom,1
Manyi,3
mihe,1
elefántommal,1
mikkel,1
mien,1
elefántom,1
Mi,5
akk,1
kezemben,1
Kettõ,1
Gabó,2
Na,2
Majd,1
hátán,1
leborultam,1
Akkor,2
méé,1
medencébe,1
úszok,1
bur,1
ágyban,2
mindenkinél,1
miten,1
kettö,2
babájal,1
mindennel,1
látszik,2
szülinapom,3
kitõl,1
megkeresni,3
megmutatod,1
mindegyik,1
julcsiék,1
õk,1
bizon,1
öjébe,2
kettõnek,1
üjök,3
mindenkinek,1
örökre,1
teknõsöm,1
melyiken,2
jézuska,1
Gyere,1
jobb,5
kimosna,1
kicsepegtettem,1
mesélj,16
máshová,1
mashova,1
sapkát,1
Nagymama,1
másmilyen,1
Anya,3
festem,5
Baba,1
Pipike,1
pipike,1
másikra,1
Kicsi,1
barnát,3
barnat,1
festek,2
milyenre,1
festük,1
Mér,2
viszitek,3
olyannak,1
Tisztát,1
színu,1
festék,1
Kinottem,1
festünk,2
Becsukom,1
Addig,1
Kezemet,1
fest,4
Hu,2
Kis,2
Ház,2
Alszom,4
soha,1
Mh,3
húzom,1
Segítsél,1
behozni,1
Idehoz,1
idehozni,2
Jobban,2
Ja,1
Odavisz,1
odavisz,2
hakisok,1
Mhm,2
hálóingbe,2
Álmos,1
Odament,1
Körös,2
parton,2
levette,1
szemüveget,1
hagyta,1
mentünk,5
csocs,1
Patty,2
Xxx,9
Mm,1
Bácsinak,1
virágját,2
letéptem,1
Utcán,1
Meg,3
Gizinek,1
leszedem,1
Ját,1
holdat,1
Sok,1
felhőt,1
Lábát,1
megkínálsz,1
Od,1
Fázok,1
fázom,2
föláll,1
szokták,1
látsszanak,2
0gy,1
szemekkel,1
látszani,1
jemenni,1
bababót,1
csibabú,1
nagybaba,1
szandál,21
sese,2
sza,1
Bodor,19
juá,4
kép,12
sétál,6
jaba,3
bago,3
óa,3
csitcsat,4
Bodó,1
jéje,1
hujne,2
föj,3
föjje,3
minde,2
köszön,1
api,2
buti,1
könv,1
móku,1
kump,2
kum,1
krumplit,1
székej,1
bamb,5
elte,1
piszi,2
szubána,1
natyszuban,1
pacsita,1
füles,1
vi,8
viá,1
düt,1
csacsit,5
tig,1
csacsis,1
hátte,2
zsebibaba,1
kanga,1
seper,1
malacka,1
hjo,1
mimijá,1
gyü,1
gyümö,3
segi,1
hide,1
higen,2
honem,1
hnta,3
esõ,8
ebü,1
biciklizik,2
hntapanta,1
elesik,1
hom,4
törölgetik,1
tötö,3
pupute,1
puputeve,4
sége,1
ellak,2
bohóc,22
hihihihihi,1
evok,1
tetõ,1
etett,2
poka,1
új,8
sámol,2
pipapa,4
babar,1
maba,2
kettejé,1
íjen,1
takaom,2
takao,1
kijõ,1
söp,2
nagyszoba,5
piú,1
hú,5
set,1
sáká,1
nanana,1
bodó,2
rák,1
ebbõl,1
ilye,5
dáni,3
sáji,1
tünde,5
bobó,3
obó,2
onnat,1
Julcsi,8
Judit,1
ismered,2
megyü,1
elmen,1
sétáx,1
mamam,1
gabu,2
sete,1
gabo,2
bebúj,5
füdik,1
ebújik,4
babakossi,3
babakocsi,6
mejött,2
ikeába,1
becsönget,4
kossi,1
kiszalad,5
csúszdáznak,1
csing,5
csöng,1
munkahely,8
tanul,1
megjön,1
munkahelyre,1
hagy,6
mejjött,1
ede,6
O,5
tartom,3
csúszdát,2
csúszda,9
tartozik,4
zsiráf,1
kicserélni,1
memememe,2
hoka,1
dõl,1
ujj,1
ürge,2
bébi,2
csöndbe,1
hika,2
tüdõ,1
metõ,1
szuri,5
jab,1
pingpong,1
nenene,1
kimennni,1
esõkabát,2
fölvesz,2
szívja,2
momo,1
újság,1
anyunak,3
Kinyitni,2
újságot,1
Ahm,1
megmutat,1
Né,1
mutat,2
apának,1
ső,1
haját,1
Azok,3
micsodák,2
Ezek,2
Sínagáj,1
nagyok,1
Mit,3
felhúzt,1
Picik,1
Abba,1
öltözött,2
mibe,2
köpeny,1
miben,1
megkeresse,1
mimia,4
kinéz,4
kiku,1
kikuk,1
becsuk,1
kopp,4
Bécs,6
ő,71
fönn,5
hajol,2
útyó,1
csúszdázik,1
csúszdázni,1
öl,1
su,1
pity,4
ménem,2
ojojm,1
kakka,1
pitei,1
gög,1
kika,1
elő,1
pelenkát,1
ügyesen,4
ju,3
sje,1
hmta,1
haoháh,1
elhallgat,1
dedapa,1
guga,1
tya,1
koi,1
tye,1
pantye,2
ká,21
sep,20
netom,1
sepe,21
porszívozott,2
poleve,1
ana,34
ponem,1
koneki,1
gyüm,6
ihi,1
eöö,1
bibaba,3
vui,1
saka,1
tűz,1
gyügyügyü,1
ppá,2
bohócnak,2
pohár,5
kes,1
piciké,1
hitá,2
zse,1
boó,1
seprû,1
sáko,5
bée,1
Zsebiba,1
búb,1
sepejni,1
ivvu,1
työ,1
hoppa,1
táné,1
gm,2
hhm,3
kumplit,1
pohá,1
kamampi,1
nénimö,1
néöm,1
blü,1
hepe,1
kakap,1
kompi,2
öeöe,1
sako,1
bodor,2
epe,3
ib,1
im,1
bócsa,1
zseb,1
zsebe,6
bíka,2
birka,1
teh,1
ejva,1
sipa,1
papucsbolt,1
beszéltél,1
zöd,4
kirak,1
elrak,2
asz,4
lök,6
megin,2
bimb,1
bohoc,1
sirni,1
épít,4
dag,1
vo,3
dinak,1
süni,3
elbujóst,1
Ő,3
bölcsődébe,1
Anyuhoz,1
homokozójátékot,1
Sét,1
ázni,1
Nekünk,1
Homokozójátékot,2
előkeressük,1
vödröt,2
Hintázni,1
Homokozni,1
homokozni,1
Elbújok,1
előled,1
Sokáig,1
világgá,1
Hiányzik,1
hazamenjünk,1
Megjöttünk,1
lakunk,2
Igy,1
Ágyat,1
eso,1
Nagynéni,1
háháhá,1
háháháháh,1
kisgyerekek,1
kisgyerek,1
alvósjátékomat,1
Kisbabának,1
kicsike,1
álmos,5
álmokat,1
felébredt,1
kiságyába,1
innet,1
macikához,1
egérkéhez,1
Ak,1
Ilyeket,1
Szervusztok,1
Hoztunk,1
kéem,1
huhao,1
füö,1
sam,1
sip,1
zu,4
go,12
kuá,3
sampó,1
áu,2
ubu,1
abo,2
kedi,2
bababab,1
toony,1
ettep,1
papu,8
pau,1
bok,1
lot,1
sákó,3
dab,2
bui,1
ebé,5
ebe,8
körtemag,4
körtőbe,1
körtebe,2
kí,1
bejí,1
beig,1
szülinap,1
ncs,2
tetetete,1
sehod,1
körtő,1
gólyával,1
baga,1
mesél,4
nyit,7
csuk,1
fökeljen,1
emesél,1
szitakötő,5
könyvben,1
ebből,3
betakar,2
nyamnyam,1
fölkel,2
hóka,1
fekü,2
haga,1
meghallgat,1
megó,1
gyógyul,1
elmesé,1
fürdeni,1
tato,1
hí,3
pápá,5
doktór,1
hívni,1
megfürdi,1
megszárít,1
üj,2
odaad,2
samu,1
csakó,1
Béc,1
vásá,1
sengan,1
vövö,1
bima,1
söpi,2
sipi,1
sopi,2
szopi,1
sabo,3
sí,1
komp,5
din,1
deom,1
Beékéscsaba,1
méj,2
Szomjas,1
M,1
kamerázok,6
fotelba,1
boldog,4
szülinapot,3
xxxx,2
Mikor,1
Szép,1
lég,1
ledobta,1
öreg,3
doá,2
selbeg,1
daba,1
seme,3
simmi,2
káki,2
kapi,1
háu,1
hû,2
oake,2
mamma,1
huka,1
memi,1
kokoko,1
mapa,4
peme,1
ebbm,1
böge,2
gobo,1
kenyé,2
tiki,1
kán,2
kaná,1
guó,1
gyo,1
gyuma,1
hmh,1
Paka,2
padló,3
padli,1
ví,2
Péte,10
föke,3
ejeti,1
sültkumpit,1
szap,1
kesze,1
éb,4
fölébred,1
sült,6
keti,1
kana,1
mozo,2
tana,2
tanna,1
lee,1
has,1
dib,4
deb,1
emu,2
hüje,1
ellop,2
vódó,1
ebúji,2
vudó,1
répát,1
ken,4
májkrém,1
guj,1
pup,1
uj,1
voka,1
nina,1
jetek,1
gü,1
rajzolni,1
üdü,1
tuk,2
tua,4
kombacsi,1
kaba,2
kab,2
teap,1
tako,1
teti,4
táem,1
tuta,8
botuta,1
ab,2
mátuta,1
ziku,2
zi,1
didá,1
tutá,3
bom,3
öhm,2
Bo,1
megye,2
Békéscsabán,1
Kint,1
Városerdõn,1
ráül,1
Pocokcsalád,1
Anyukapocok,1
gyerekpocok,1
apukapocok,1
pocok,1
Tudom,1
olvasni,1
tettük,1
autóbusszal,1
jottünk,1
parkoljunk,1
Jessica,1
étterembe,1
megmondni,3
Megmond,1
Mamája,1
apájával,1
nézik,1
gyerekeknek,1
játékát,1
madarak,1
hintáznak,1
vidámparkoznak,1
Sapkába,1
Micsoda,1
ugyanilyet,1
Hogy,1
került,1
közül,1
tegnap,1
Nekem,1
macis,1
Vonat,1
Szejetném,1
madajomjat,1
aranyosak,1
Vakond,1
vak,1
vasaló,1
Sanyika,4
sanyi,1
egérkék,1
Mint,1
Dob,1
szejetem,13
nyuszikám,1
Házi,2
vad,16
házi,3
ananosak,1
nyuszit,8
Szabad,1
őzikék,1
Háziállatok,1
háziőzi,1
Vad,1
őzikéket,2
Melyike,1
Csak,1
kártyázni,1
Másikat,1
En,2
Kitõl,1
kártyámat,1
Neked,1
Ezeket,1
kártyázzunk,1
segítsél,1
Kisbaba,2
kártyákkal,1
esernõ,1
Mama,1
sárkány,1
aranyérem,1
óriás,1
tudta,2
suszter,1
Megmondni,1
megjavítja,1
csoszogni,1
elvesszen,1
látta,1
betût,2
rászólsz,1
Ámámámámámámám,1
elázott,1
Nagyot,1
rugtam,1
Má,1
Focizni,1
föme,1
nú,3
belenéz,3
szí,3
ün,1
szakáll,3
borotválkozik,1
viszket,2
buborékozik,2
hip,1
elõkerül,2
bõgö,1
hiu,2
csiribú,1
csiribá,1
kakósbejglit,1
üü,1
ejnyeejnye,3
igu,2
irgum,2
burgum,2
tol,4
meme,1
kü,1
hátá,2
leü,1
ábá,1
akom,1
kapko,2
kapo,3
ömg,1
ahj,1
egegy,1
bübü,1
hmmm,1
mggg,1
öhö,7
boboba,2
eda,2
széttört,1
nínó,2
doktorhoz,1
bánsz,1
pü,2
csúszik,1
õe,1
táskát,2
csiú,1
csibá,4
csibú,4
puccs,1
hógy,1
varr,1
ruhát,3
úd,9
uau,1
arc,1
eü,1
hóká,2
fóká,1
otti,1
répa,1
note,1
moko,3
eö,5
soba,1
lu,2
háó,2
tem,1
sen,1
miamia,3
zsák,5
dom,7
zsip,4
zsup,5
zsipi,2
zsupi,1
kende,1
nõ,2
nano,1
tan,4
ande,1
gyeje,6
kötõ,1
héá,2
héa,2
héja,11
kot,11
sáto,1
Zsebi,2
jen,1
dít,1
tí,1
dí,1
pékin,1
bapa,1
kobé,2
nyú,7
szótá,1
boboka,5
gogoka,1
nüe,1
hold,2
emama,1
tanu,1
bubú,1
bapi,2
behe,2
tüe,2
tuö,1
tütű,1
pen,2
aö,1
pel,1
kön,1
teba,2
ete,2
fosime,1
csücsücsü,1
kópé,2
gyede,3
bubu,2
bubububu,1
nato,3
ninto,1
sáros,2
ugyo,1
maradt,2
asziszem,1
bli,4
neoda,1
kiugrik,2
belõle,2
tapi,1
dábi,8
dábidábi,2
jábá,1
sorbarakni,1
jába,14
feldõlt,1
fedõ,1
nino,2
vaka,1
jata,5
üne,1
ülnek,1
bol,4
nemi,1
bezárt,1
bejá,1
bezá,1
Bécsbe,1
ngcsingcsing,1
sikeü,1
csingi,2
kelitem,1
valahol,1
elbújik,1
ilili,1
had,4
kotkot,1
hagytuk,1
túrórudi,2
nyul,2
túrórudit,1
memo,2
Bé,2
ennivaó,1
kezét,3
kidug,2
kezének,1
memos,2
fürdõkád,1
kanyu,3
bai,1
nyövö,1
ögö,1
igum,1
bubovék,1
héi,1
aszi,1
mgogo,1
ihöh,1
ronda,1
kalapatot,1
bubas,1
bagusza,1
nines,1
kalapat,1
ferjem,1
biciklivel,1
kéresd,1
melegbe,1
maszok,1
eszem,2
labdázni,1
kopter,1
helikoptér,1
kitalálom,1
csicsini,2
menek,5
apá,1
lecsicsiná,1
estet,1
tuturutu,1
rita,1
náti,1
mate,1
izu,1
rotu,1
ruda,1
alljon,1
rolan,1
majn,1
duda,3
neszta,1
bárány,1
laba,1
pákilot,1
ágyiko,2
torkam,1
söpörtem,1
lali,1
alti,1
teszék,2
labdáé,1
sogór,2
bál,1
balá,1
kettônk,1
labdázok,1
sikérüt,1
falatósz,3
kére,1
iz,1
labdá,1
ée,1
oroszlánt,2
isz,2
lászi,1
száljlelok,1
it,1
veszi,2
mutass,3
sikít,1
kötényben,1
szárnya,1
↫m↫most,1
csics,3
beköt,1
békérebe,1
békébe,1
béket,1
béke,1
megkötöm,1
bajosz,1
majomat,2
epütni,1
kutusz,1
kutuszt,2
kutyut,1
épissünk,1
soport,1
varotottam,1
halacskának,1
látá,1
toróntotta,1
torontotta,1
toront,1
tesz,1
áló,1
totot,1
idôs,1
leszáll,2
csicsinani,1
rádi,1
Zolike,1
siasztok,1
moszt,1
opá,2
vonatoni,3
sziatok,1
hákotái,1
kigurult,1
maszko,1
induljátunk,1
vonátunk,1
anyucikának,1
villamossal,2
Réka,1
mene,3
kilóval,1
sepô,1
harosz,1
tese,1
csicsináni,1
mamáját,1
menyut,1
készön,1
additt,1
Zolikém,1
mác,1
másza,1
párnának,1
takarózni,1
sároba,1
legszebb,2
elmész,1
sárokba,1
tádd,1
bale,1
taddele,1
Monit,1
monit,1
vérjek,1
babára,1
csicsinál,1
vonatos,1
kának,1
falatos,1
kopogott,8
kopo,1
menünk,7
vonatozni,1
nyis,2
sé,1
↫sé↫sétálunk,1
dugo,1
gyereke,1
buuuu,1
merre,1
↫be↫beletettem,1
Cili,1
épit,1
kiépitünk,1
↫ho↫hol,1
Mikulás,1
konyhát,1
elköpött,1
fárádt,1
halaszkát,1
vadunk,1
olszá,1
visszateszi,1
ketto,1
vava,3
elmentem,1
pörpe,1
pöte,1
barnához,1
vigyen,1
lelia,1
mácsikat,1
mocsi,1
mokuskára,1
fál,1
zolikához,1
aru,1
káru,1
kik,3
zolcs,1
szétszed,3
dinnye,3
teletot,1
labdátos,1
Hetike,1
bák,1
posárok,1
poszirok,1
lota,1
viti,2
papucot,1
csuta,1
csündi,1
macival,1
mámákoz,1
bácsikhoz,1
mamához,2
báki,1
bákial,1
bakiyal,1
kakiyal,2
kokiyal,1
szettétek,1
boom,1
jásszi,1
szétösszeszedem,1
szemet,1
csecse,1
monikánaval,1
asztala,1
asztalról,1
asztalot,1
kakarót,1
tas,2
kopte,1
aludgálok,11
takáró,1
vonatunk,2
sera,1
gyera,1
nénika,1
ablakóba,1
ablakhoz,1
segitsek,1
lássak,1
ágyikóhoz,2
kó,1
rontott,1
porszívók,2
porszívó,7
lázat,1
porszivót,1
részko,1
sarikáé,1
bocsánatot,1
csilló,1
apucihoz,1
papo,1
persze,2
pakom,2
falatot,2
ágyikóban,1
menel,1
menü,3
megfordulok,1
leveszet,1
eltépem,1
elve,1
virágunk,1
ádikóba,1
bádikóhoz,1
autóhoz,1
ádikóhoz,1
csival,1
kakáró,2
andikáni,1
rohangálsz,1
dádilót,1
kakit,1
felveszem,1
meni,1
papucso,1
nadrágok,1
kabátot,1
szaladgálunk,1
szalad,1
galam,1
megkeressem,1
falatok,1
drágám,1
lányka,1
labdázik,1
visszatett,2
kicsinál,1
kaki,14
bekakit,1
fütülni,1
tassék,1
viragok,1
kinos,1
megmossam,1
megmostam,1
pucoltam,1
feküdjlelok,1
öjdögnek,1
szajva,2
játod,17
öjdögök,1
kijály,1
bekapcsojtad,3
cukoj,1
tojta,1
gyejekek,1
meséld,4
csinájnak,2
macija,2
nézegeti,1
dije,1
öjdög,6
buta,37
féj,9
ödögtől,1
mégeccej,1
elkéji,1
kisbabáját,1
kinyijtota,1
abjakot,1
angono,1
jégy,1
szíves,1
tijón,1
kide,1
takö,1
jót,1
semmitől,2
tugok,1
láto,1
maotó,1
motojozni,1
Jőjinc,8
jetépi,1
jő,1
jecsasza,1
jegihosszún,1
köö,1
pijjangó,1
hoj,42
csipát,2
ajatót,6
vejsenyajató,2
ajató,8
csinájt,1
azéjt,5
hátrament,1
mejt,22
idepajkolt,1
betojta,1
bejeesett,1
bert,1
jejökte,1
fölrobbant,1
vakajom,3
bekapcsoljuk,5
öjébekapcsojom,1
tosa,1
öntő,1
megengedi,6
Skodával,1
kajakos,1
elmeséjed,3
királynő,2
fojcsi,1
kej,40
töjtént,1
vejem,1
kukába,2
mondtuk,1
hátöja,1
bete,1
tumikát,1
sájgát,3
butá,1
jégen,3
nyakamat,1
kentem,1
apuval,2
hallgatunk,1
hajtani,1
bekapcsoljad,1
ejkészüjt,1
ejkészítettük,1
jejöttem,1
lelökted,1
fáji,1
nekeny,1
nekendé,1
kenjél,1
kenőcs,1
f,3
kicit,1
majad,1
ajcon,1
föjemejted,1
Zita,3
Miki,36
neeeem,3
meföj,1
jajzolnál,1
jajzoljál,3
megvájlak,1
sájkány,7
jőjinc,2
lazt,1
josszul,1
féjek,10
jesz,9
soja,1
nis,2
akkoj,43
hegye,2
jajzojok,1
színû,2
bajna,1
dendez,1
játsszuk,2
fidelj,12
jajzója,1
melyiket,4
enéjen,1
üdesen,2
ilyenem,1
duna,3
ajándékba,2
ajándékból,1
Zitától,1
ajanyos,6
vadájjat,4
kijándős,1
ilyenet,6
kata,2
jehet,11
kosza,1
hojdó,1
azzaj,1
jajzojtad,1
megengedem,5
hajóznak,1
vízijó,1
ezet,1
jojga,1
vitojjás,1
szakájjat,2
kijálynő,3
széttépem,1
ítt,1
levinged,1
joboter,1
pejikán,2
vitojáshajó,1
fülem,1
jajzunk,2
öjüjök,1
jábodat,1
pejikánt,1
fejedem,1
kifogyiká,1
megke,1
fejebi,1
jajzoltam,1
füjem,1
füjemet,1
anyut,3
anyukámat,2
jeíjom,2
megvej,1
vej,5
anukámat,1
emej,16
miki,21
ajutt,1
linci,4
bugyi,2
ninüm,1
kénem,10
ing,1
inget,4
jajajajaj,1
oké,5
bijike,1
vécé,2
fidej,34
magot,2
bumbum,27
ejejej,1
eeee,1
nenenenene,1
meghallgatjuk,1
ugye,8
miiii,1
henne,1
hene,1
ájj,7
ecej,5
dindá,1
beszéj,3
tetdö,1
szandi,9
bubus,2
idő,1
eső,7
szotott,1
füdött,1
megát,1
motojjaj,1
koda,2
hadné,1
ehez,1
fú,10
nehe,1
meséj,23
magó,3
jámpa,13
vize,2
jak,6
idi,1
jácik,5
indi,3
játist,1
tamás,4
ija,1
tat,1
jajajaj,1
nn,13
att,2
kodaj,1
doktoo,1
vajos,1
juga,1
iszoj,1
ájá,1
fojjó,11
atasz,1
anuti,2
anut,1
kakas,13
túkoka,1
üjes,3
fo,1
gyosan,2
becsukkad,1
ecer,3
hógoga,1
hódoga,2
vécében,1
miteszü,1
kéjem,31
takajó,2
fázó,1
vacsoja,1
pocsoja,1
könyvből,1
tejefánt,1
majat,3
majac,2
brumma,1
ovava,1
avavat,1
próbá,1
kapaja,1
háno,1
leszájjok,1
aszisze,1
mingyá,18
csekej,1
igede,1
emész,1
totongo,1
tuntuntun,1
tuntun,4
szit,1
zita,4
csíp,3
paju,1
bödö,1
tumi,2
pájotó,1
vite,1
bontok,1
nézzed,2
falba,3
aha,8
bekapcsojom,1
emlékszem,1
erről,1
bevászni,1
ugjándozik,1
gyönyöjû,1
cukjot,1
nyalókát,1
mikjofon,3
hoty,7
ezsek,1
krokodij,2
kokogyij,1
kjokogyijt,1
hadad,1
jákokoja,1
akjokogyij,1
0ágy,1
0igen,3
babakocsis,1
jefeksz,1
jefeküdt,6
építetett,1
házikója,2
vajo,1
idehozom,1
bejakod,2
jakásokja,1
jakásukba,1
megsímogatom,1
megvédkedjük,1
megvéd,1
hozod,3
macinak,4
hoznak,1
szejeti,3
övé,1
jakik,7
töjö,2
madájka,1
ödöt,1
macié,1
madáj,1
síj,3
jakhado,1
vásája,1
mondtad,3
cupp,2
beje,4
bejeféj,6
ijjjegyen,1
bemeheka,1
ágyikómba,1
ejje,37
ahogy,1
breki,4
tajájtam,2
kejj,10
csuki,1
sejez,1
feküdjön,1
öszödöm,1
etinket,1
jakjanak,1
átte,1
ezebe,1
vájáj,2
etti,1
fölébjednek,1
abjak,3
kinyitottad,2
kinyitottam,2
jekinkezki,1
jeestem,1
ejdőjt,1
tajájkád,1
zipő,1
trrr,1
szejőztette,1
bejakjuk,1
máj,16
jekopogok,1
jábam,3
meggyógyul,1
kejessünk,1
vijág,6
pohárt,2
bejejarjuk,1
konyhajátékot,1
pohárból,1
ájjatokkal,2
föjébjedtek,3
föjébjedtetek,1
gázhoz,4
lophat,1
kázhoz,1
ud,1
lop,1
nyúlhat,1
golyóztok,1
ájatokat,2
ájatok,2
ők,2
szejetnék,5
bödödjük,1
jegoba,3
ájjatokat,3
kibojo,1
hiii,2
ájjatok,3
ájjat,2
ennye,4
enyányá,1
paradicsom,2
leves,1
kukac,1
núlhat,1
hozzányúlhat,1
eléri,1
kipotyodott,1
etetem,1
pajadicsom,4
tûzhely,1
kapcsolni,1
jeveszi,3
jakatot,1
jagacsot,1
ejőtte,2
Linci,2
Ojsi,8
Levi,4
Lejinti,1
Jaci,3
inditi,1
Tamás,5
taci,1
tojó,1
kijászunk,1
kijesünk,3
pó,8
vijet,1
maac,1
szilo,1
keveje,1
kéjek,57
kája,1
kajáj,2
kevej,1
azide,1
cumikát,3
jassan,1
bagol,1
kojkojci,1
dobom,1
szinom,1
kazetta,1
edapo,1
ágyán,1
ájjatoba,1
nót,1
thita,1
kom,1
besojozták,6
alsz,1
jojotak,1
kimosta,1
kimota,1
besolozták,1
okik,1
takar,1
hamika,1
aaaa,3
takaj,1
fiszja,1
figye,1
kéje,1
mefodíto,1
legélő,1
éjjen,1
regélő,1
izzik,3
gajagonya,1
gajago,1
gajogája,1
galasi,1
fodíto,1
íd,4
kájá,1
kajácsonfa,2
köjtéfa,1
misás,1
Somogyi,3
zöjög,2
zoknimban,1
játsszál,2
hiszek,1
olyanban,1
cipé,1
föjhúzod,3
jámdá,1
megtajájtam,1
nevessél,1
fütyül,1
prrrrrr,1
rrrrrr,1
prrrrrrrr,1
0én,1
pijóta,1
prrrrrrr,1
miatok,1
bojítani,1
tagját,1
sobát,1
ajutóval,1
vezessünk,1
zúg,1
Mikici,3
igici,1
kijakjak,1
kisbabásan,2
jakjál,1
füjdőkád,2
eznek,1
füjdeni,1
eje,13
eldőlt,1
tajákozájó,1
csincsenimanyu,1
meggyük,1
hija,1
bajatonja,1
eztéden,1
ágyikója,1
kihúztam,2
fölhúzod,2
pipipipi,1
fényképezik,1
vagyis,11
teg,1
intézzük,1
szemétet,1
jakjuk,2
ehety,1
tajád,1
holadö,1
fide,1
hátratekeji,1
deee,4
jájcunk,1
húzzuk,1
föjhúzzuk,1
deeehehe,2
Majci,1
óvogyás,1
iskojába,4
pipipi,1
cumika,2
beny,1
szóljon,1
szójon,1
betöjő,6
betöjnek,1
tehejajató,5
szétjombojta,1
ésn,1
kénd,1
beszéjjél,1
betöjővel,1
akajo,1
jetette,2
tejefont,1
dedombóta,1
pijosat,9
jomboja,1
játtok,1
vel,1
madájijesztet,1
kiskajas,2
jézgajasa,1
nézegessünk,1
deja,1
kiskaja,1
rézgaja,1
tajáld,1
rézgajasa,1
dzsungel,1
könyvét,1
0tudom,3
Bajó,2
hasába,1
bókszol,1
hasát,1
Sirkád,1
tigjis,5
elmesélted,1
ójás,1
kígyó,7
Ká,1
beszélgetnek,1
Sírkán,2
madajak,1
tíjikán,1
föjötte,1
pajó,1
hátát,1
föjötté,1
ejjökte,1
őt,2
elmeséjjük,1
elmeséded,1
elmeséjjed,1
Bagija,1
pájduc,1
meséjjed,1
pöjüjt,1
nyenyeje,1
Maugli,1
banánt,4
akado,1
boksz,1
jejángatta,2
Bagi,1
hátája,2
orrát,2
eeegyöntyi,1
ejefántok,1
ejefánt,7
megégette,3
ojmányukat,1
Bagu,1
föjült,1
jója,2
kicsobája,1
pusz,4
puszoda,1
buszot,1
fajkát,3
bejemondta,1
bíjkóznak,1
jakásuk,1
ajtójuk,1
manók,1
csinálták,1
azon,2
abé,1
ágyu,1
Sírkának,1
kígyót,1
megvejekült,1
csijájsz,1
tûz,7
mesét,3
paplant,1
hájót,1
papjant,3
vajamit,4
nyihahaha,1
nyiha,5
cim,1
kucsival,1
bagolyt,1
vijágítsál,1
Lőjinc,2
Lőrinc,2
kijabájok,1
először,3
bááá,1
kiskutus,3
zseblámpát,1
nagyo,1
jájakja,1
kakijok,1
kapcs,1
pocak,1
idejövök,2
jaaajhajaj,1
Ojsika,1
kijabál,1
vátá,1
jávijágítsál,1
babajazok,1
babbabababa,1
ugjok,1
sátrat,2
sokája,1
motojt,10
Ojsinak,3
Jevinek,1
zöjdet,1
majadok,2
tudododada,1
apuék,1
lemegyünk,2
gajázsba,2
arrggh,2
akajom,19
vennénk,1
szoktuk,1
anyúzok,1
jaaa,2
dumdum,1
meghajok,2
meghaj,1
nongojis,1
vízipisztolyt,1
motoj,5
deeee,2
megtéplek,1
zsojnttól,1
meghajapta,1
tigliskuta,1
ujját,1
játtam,2
később,1
játom,3
medek,2
adtok,1
dehajahajánávijaka,1
ajádat,1
hod,22
vijágod,1
bajátod,2
ufó,1
vadis,3
pandamaci,1
sijá,1
mbá,1
neeee,1
betakajsz,1
hájózsákot,1
buták,2
hülyék,1
hülye,11
jugdosni,1
bekapja,1
dobájos,1
köveket,3
ajom,1
lekapcsolni,1
vijjanyt,2
jekapcsolni,1
exxxba,1
fölkapcsolni,2
melyikbe,1
beszéget,2
prakas,1
emegy,3
akaj,2
hamit,5
pot,1
kiv,1
kimossuk,1
bijikébe,1
kalácsonfa,1
jökék,1
tekenó,1
misüt,2
kender,1
fája,5
nyújtya,1
nyújtta,1
fekekecs,1
pápika,1
betegecs,1
dudája,1
fiszek,1
égece,2
mégecej,1
hihihí,1
futa,1
pattó,2
dobogás,2
zúgó,1
fodás,1
pakolok,1
oú,1
elfogyott,1
kikapcsojod,1
nnn,8
dottó,8
gyógyítta,1
fókus,1
med,7
mókuka,1
lejejtett,1
lesetett,2
nosz,1
dódítta,1
töjöd,1
játoktunk,1
jácok,1
tofujjal,2
ovo,1
dobókockockát,2
bábuk,1
belőle,2
bábut,4
ezta,1
bábuka,6
kisbábu,1
jegujút,2
izt,1
enye,2
jejesét,1
eztis,1
eccej,14
fananu,1
nökjed,1
nédd,2
zacskó,2
hájom,11
zacskót,1
nebosi,1
pattingatok,1
téjapó,1
njo,1
jakom,2
ehhe,1
babó,1
babu,1
játhat,2
bohát,3
jáchan,1
ekén,1
pattanthatsz,1
pattotita,1
pattanti,1
pahatni,1
patto,1
üdes,3
bohádzoluk,1
ejős,1
vagytam,1
bábu,7
patatihátite,1
tegyem,1
ideti,1
éka,1
antantati,1
pattanthati,1
macikát,3
panci,1
megyügyü,1
tugom,1
Ákos,1
ezért,2
ezer,2
kéjtem,1
fontotom,1
medutatom,1
vot,4
ajatos,4
minda,1
óvodásat,1
ólomkatonát,1
ajatóval,3
ivajanopépet,1
vájat,2
ottvota,1
mozdonyka,1
mozdonyt,1
vetető,1
öjeg,4
csihuhuhu,1
gőz,1
füje,1
megkejesem,2
mozdony,1
camogi,1
sosan,1
jájakom,1
elkapott,1
vajó,8
segítek,3
közelebb,1
miéj,1
jaktál,1
függönyt,2
nyitattáti,1
pájnája,2
jábadat,1
jemasarta,1
evés,1
jemasajta,1
azéttajátat,1
vadászofádét,1
fokállat,1
mmmeg,1
jáültem,1
kityit,1
pihenek,2
bekened,2
butog,1
butabuta,1
kjém,2
étazért,1
nemjátszok,1
ezittegyétegyé,1
elzsér,1
teis,1
bijizel,1
nádon,1
alanos,1
fölhozta,1
idejakom,4
kedétegyik,1
elfész,1
ajjébb,1
mehetsz,1
csináj,1
pucojómat,1
ejső,1
embejek,2
éjed,1
ővá,1
tanájkid,1
jengeteg,1
gyejeket,1
vada,1
mijá,1
helyedet,1
najobb,1
vijágo,2
tévében,3
najam,1
bigyi,1
hoja,2
vaja,1
vajaki,4
jement,1
attatis,1
miéjt,1
vettük,1
szúnoghájó,1
énis,1
kinézek,1
necs,1
gyescsacs,1
mondsz,2
hazamenni,2
sokáig,3
takajózni,1
ittü,1
zsijáf,5
kérdezem,1
jovacska,9
ojoszlány,2
ejkaptajak,1
kisegéjke,1
függön,3
beee,1
kidincs,1
segény,1
vijjankaptojó,1
kaptojója,1
csavaj,1
csavajhúzó,1
kijincs,1
csinde,1
pájna,6
pájn,1
Jőjincé,2
Jevijé,2
apué,1
hallgassál,1
apujé,1
pálna,3
őtt,1
bejebe,1
vájak,1
tajánkukuzzá,1
jácsapok,1
kikicsje,1
fenekedle,1
begö,1
begötátok,1
amoma,1
angigangi,1
annihanni,1
nájad,1
pálnám,2
idejöttem,1
ajanos,1
nálad,1
tégedet,2
feküdjek,1
sajátomra,1
viza,1
jetekejem,1
vijjany,1
kapcsojója,1
föjkapcsojom,1
vijjankapcsojója,1
fájadt,1
sajátom,1
legujult,1
becsukod,1
tijedet,1
kakada,1
kukujikú,1
vájjak,1
buboteve,1
amontaho,1
nyihahaaa,1
nyihaaaa,1
nyihanyiha,2
dudaján,1
hán,1
sajáto,1
vetig,1
sajátomon,1
hozzád,1
mentek,1
mmama,1
bimbombimbom,3
betakajózni,1
betakajózok,1
szejeted,3
kopogtattál,1
núztáj,1
pogokott,1
szejetlek,1
fejvételt,2
akajunk,1
felvételt,7
brumbrumbrum,4
elhoztunk,1
hájomat,1
jehoztuk,1
macimat,1
lehoztam,1
miéjrt,1
mott,1
kifeni,1
vaad,1
jeszel,6
anyukád,1
jeszek,5
vodás,1
fölkelünk,1
ajudtam,3
figyej,5
szobájában,1
kisszoba,1
mamának,2
miert,1
szobájuk,1
fölkelni,1
tojnázzunk,1
feji,1
anuci,8
mikici,21
vögö,1
vaká,1
hapát,1
vödöjke,1
apó,2
l,1
visszak,1
budi,2
ködö,1
öldöke,1
poci,1
popó,3
issza,1
hajja,1
mani,5
manika,1
assa,1
kijó,2
satt,1
bont,1
ököjütö,1
metete,1
satty,2
asa,1
sinke,1
ejde,1
hovaz,1
mpo,1
makók,1
orsi,1
azha,1
zeze,4
husika,11
toa,1
anyanana,1
hani,6
hanyi,5
enenene,1
anyahahaha,1
ehehe,1
anyi,1
áúúú,1
ojsi,9
leici,2
ojzó,1
embej,20
duszi,1
fojó,2
nyúsz,1
ekély,1
indúj,11
böö,1
epüdő,1
messzi,1
kuka,1
kukátütû,1
anita,4
kamika,1
ojsici,1
ládá,1
brbrbr,1
veici,2
husiká,1
erkély,1
atya,1
tanya,3
mejeg,3
fojszó,1
bojosz,1
sziom,1
fúj,8
nyí,1
idebübül,1
fúhafúhafúhafúha,2
hafúhafú,1
éjszak,1
békucit,1
alvótársat,1
teketeketekete,1
vijágost,1
kekke,1
kecské,1
kakast,1
ejkapták,4
fajkas,3
szájá,1
falkas,1
jovaskocsi,1
ejkapta,1
eljött,1
mekmekmek,1
kukurikú,1
múú,1
dejekek,2
fidejjetek,3
ejőször,7
namost,1
énekeljek,1
fajkast,1
agojsi,2
Bogika,1
annyija,2
szomjas,2
jécci,1
sokkal,1
finomabb,1
gyulai,1
ejveszi,1
Zoji,10
elbújtál,1
Tomis,6
kettőtől,1
gyite,1
lovagoljak,1
beakadt,1
meghalni,2
metammegtam,1
ejője,1
dőlök,2
áci,1
meséd,1
lek,1
csss,1
nic,1
ninc,2
motoz,2
eti,1
nee,1
mmmmmmmm,1
paka,1
kinenc,2
induj,9
botoz,1
jajaja,1
ubojka,1
prrrprrr,1
apide,1
prrprrprr,1
brumbrum,3
tütö,1
bruuum,1
sínt,5
bödös,1
hané,1
ígyuj,1
hhhmmm,1
vijá,1
buum,1
találtam,1
motog,1
bojka,1
páln,1
Bojika,5
teze,1
jajajajaja,1
szegén,1
pájná,1
jajaj,1
emo,1
hmhmhm,1
sájt,1
énem,1
acsis,1
kutis,1
brubru,1
trrrr,1
tüjütütü,1
létájój,1
mejézze,1
jábomat,1
jeja,2
jam,2
mamija,1
nefejküdöm,1
lebajad,1
nyomtam,1
apuhoz,1
ágyja,1
kajod,1
kacsojad,1
nnnn,1
kikacsojod,1
kend,1
bekented,1
megyógyult,1
kacsojjad,2
manót,3
ike,1
ajó,1
ojjomból,2
ojakom,1
föjü,1
tejefon,1
jevesszük,3
ledőtöttem,1
számojja,3
ajato,1
ajatójój,1
ejesett,1
kapucka,1
ajatóka,1
dszunkui,1
dzsunkoji,1
kijesett,1
egény,1
bekenhetem,1
ipicipi,1
bekenyem,1
bejüttöttem,1
ojjomat,1
menjek,1
hiha,1
föjáni,1
védd,1
megyótyítja,1
pálya,6
bejeféjük,1
jajty,1
jájak,1
ajtanya,1
belefúny,1
kijettem,1
gyógyítom,1
kenyőccsel,1
bekenjük,4
ojját,1
kenyőccsej,1
kenyőcsej,1
bekacsojom,2
ködd,2
meséjjek,1
ketenét,1
bemelegszek,1
Jevi,9
ututa,1
összegombolsz,1
szórjuk,1
szójunk,1
állva,1
bexxx,1
bepóbájuk,1
bugyit,1
fölszájjunk,1
motojunkja,1
mmmmmm,1
féjes,1
Zojinak,1
Zolinak,1
testvére,1
nezûne,1
etéves,1
év,1
kijenc,2
odaaa,1
akajtam,3
jaktam,1
meghaltam,2
fölkeltem,1
Jéggyár,1
utca,2
hányas,1
éves,2
palacsintadok,1
ehetek,1
palacsintát,1
segítesz,2
kinyomni,1
amikoj,7
jefekszek,1
vejed,2
induljunk,2
összenyomod,1
jajzolok,2
haddad,1
jehúzni,1
csigabigát,2
tojnász,1
tojnázok,1
énekelsz,1
föjjaksz,1
appom,1
hohó,1
szajadok,1
kiflit,6
jágót,4
epjeset,1
elmedek,1
juháéjt,1
ének,1
ólához,1
benzin,1
gijágot,1
boltból,2
jágósból,1
vájá,1
becsimegez,1
kejjett,2
jegós,1
brekit,2
blekit,2
ahhoz,1
odaéjkeztem,1
motorom,1
motojjal,2
pakajok,1
pakaszkodni,1
edde,1
pakaszkodik,1
ejengedte,1
motojom,2
motolja,1
ededül,1
elmennék,1
motojjajal,1
akalom,2
leszállna,2
magamnak,1
tápot,1
tálcája,1
bekaptolja,1
főkapcsojója,1
tekejed,1
elveszed,3
középje,1
homenyanyanyos,1
raknak,1
pörget,1
mikjofont,1
meddig,1
kukuty,1
idejakjuk,1
tadam,1
jájgit,1
szigetben,1
jégdáj,1
Mikjós,1
bejejakjuk,1
morzsa,1
jájakod,2
tili,1
bekapcsojni,1
ejem,2
tináljunk,1
Tamáska,1
kijabált,1
minta,1
kisgyejek,1
Indi,1
hátában,1
rácsos,1
jajeki,1
hánem,1
írjuk,1
kin,1
jabdázunk,1
magnója,1
hátratekered,1
semada,1
jemegyünk,1
bekendet,1
ajé,1
jepakojtam,1
pohájjaj,1
tejfölt,1
kakajót,2
kéké,1
mátyól,1
pajacsintát,1
nadot,4
kakajó,2
ute,1
br,1
mostöj,2
denő,1
ajacso,1
kijá,1
kejéket,1
tinálsz,2
kisbabát,1
fölszállt,1
zmm,1
eltoj,1
jepüjőket,1
pajacsinta,4
eszéjcsa,1
sétöjé,1
szétszedték,1
indo,1
káfákáfá,1
káfá,1
ideki,1
gan,1
ijetéde,1
kapvaj,1
jat,1
jáj,2
énye,1
nemmm,1
igeeeen,1
iiigen,1
bebebe,1
beabe,2
rrdri,1
rrdididri,1
meggyújta,1
gyigyi,2
gyigyigyi,1
megkérte,1
jejőtte,1
jájátok,2
kigyó,1
neknek,1
testemet,1
helyé,1
idenött,1
közted,1
ejőveszem,1
jeszejő,1
bej,1
föltöjölöd,1
föltö,1
nyap,1
elfordujok,1
mej,2
bejemegy,1
temembe,1
megtö,1
megtöjöjöm,1
nyolt,1
megszámojom,1
tettő,3
prozomál,1
bajomot,1
ejkélyen,1
följakod,1
akad,1
jejo,1
jáméjgesett,1
ejkéllye,1
vijágos,1
koja,1
betöl,1
boja,1
megpörgeted,1
májik,1
itti,1
bekapcsojod,2
kokitózót,1
kota,2
bakibólja,1
kapcsojok,1
ejénekejem,1
hamizik,1
igetben,1
indijéknek,1
mosok,1
felmegyek,1
füjdő,1
motam,1
tojást,3
háát,1
hüe,1
kecsinek,1
eldőtem,1
huncut,1
adtunk,2
kívának,1
zsemlét,1
inditől,1
néninél,1
foga,1
nyituzza,1
lemosod,1
meggyóttya,1
fogát,1
ittüla,1
katótata,1
bekakottya,1
föjáhatok,1
föjátam,1
bedobtad,1
fajatokat,1
tos,1
fújd,1
pedejtomtomtom,1
kátota,1
kápota,2
pajadicsomos,1
fenekem,2
tányérba,1
édesem,1
megkostóhatom,1
tejijáéttábetem,1
hajacska,1
Zitájé,1
evehetem,1
betotejejő,1
betonkevejős,1
jabdás,1
iskojba,1
zötyöghe,1
zötyögsz,1
evetted,2
tettőbe,1
ötöt,2
tajtom,1
döndön,1
odattam,3
idende,1
mindjájrt,1
odajepült,1
hozzátesszük,1
gyümölcs,2
húzok,1
lakjam,1
csesznye,1
továjmánátittütö,1
meggy,1
kivettük,1
maggot,1
páj,1
szőlőke,1
isszajakom,1
lada,1
ingo,1
tejeszne,1
párja,1
forma,1
bejakom,2
egyforma,1
ananász,1
odakom,2
hamhap,1
háttój,1
attój,1
csigabigaki,1
hozzányútam,1
lejaktam,1
bee,1
kezedbe,1
széttö,1
öszeépíci,1
legót,1
legojót,1
odajakom,1
függönyre,1
veletö,1
nénó,3
Budához,1
kodához,1
Skoda,1
szájít,1
dem,2
auá,1
leveted,1
héját,7
leszeted,1
dinnyének,1
helyed,1
pajt,5
ajatt,5
szúnyog,10
kévét,9
köti,10
dajgat,3
mú,1
kemencébe,2
jakja,2
bolha,4
ugjik,6
bolta,1
votába,1
ajjo,1
parta,1
figyebe,1
fejetüték,1
but,1
Ájjahajót,1
mondj,1
énekejjed,2
kapájok,1
légyszi,2
hemed,1
játott,1
mehemed,4
tott,1
mó,1
tehenet,2
jájgatja,1
tehenek,2
jomféle,1
tarkát,1
júgták,1
ájjahajót,1
énekeljük,1
töjök,3
mehemededet,1
koj,3
föjhajtod,1
összemaszatolni,1
szajatom,1
felvinni,1
légyszí,1
maszajatom,1
énve,1
eni,1
ahihi,1
meget,1
kijujottedel,1
kaja,1
pénztárnál,1
vegyem,1
őszibajak,1
mikjobusz,2
tehejautó,1
tizenöt,2
ejőszöjis,1
zsebjámpa,1
jabda,1
adután,1
doknit,1
jeszekénegy,1
jajz,1
depet,1
jajzot,1
cejuza,1
nadakat,1
ónajam,1
hajnajadat,1
hónajad,1
tavtakoda,1
tartsama,1
menotakokavabo,1
hónabo,1
tartani,1
ako,1
nemako,1
hójnajt,1
ejőszöj,2
veszetteted,1
szivagyot,1
szivacsot,1
dajatot,1
pohájt,2
anunak,1
fánkjot,1
mekjájt,1
tújós,1
aazt,1
Mikié,2
Jöjincé,1
azéj,2
egyszej,3
jégyszi,2
ágyet,1
edszer,1
akko,2
mondad,1
Mikijé,2
Jejcié,1
Jőjiné,1
mindenkit,1
dejeket,2
dejekeket,2
degjött,1
nekik,1
füjdőbe,1
meeszi,1
kij,1
pénztálcát,1
megfizetett,1
butáskodik,1
ahoj,2
jaknak,1
őkis,1
jesznek,1
mikoj,5
katonának,3
szûjésze,1
csavajot,1
dojgozik,1
főzzizezz,1
pajacsinit,1
jevest,1
eszi,1
jószáányt,1
tigjist,1
megmondtad,1
ekkoja,1
becsípi,1
vezedni,1
Skodát,1
segítsen,1
fölxxx,1
ábe,1
bábe,7
ögye,1
erdő,2
mélyén,2
egytető,1
lego,8
adú,1
in,1
öttö,1
nine,1
ujjo,1
emment,1
iká,1
moto,6
mot,2
ikike,1
beike,1
öcidicica,1
ejedeje,1
eke,1
motoka,2
jájtszi,3
jájci,2
majci,2
paninta,1
ödő,1
edő,1
dine,1
inde,1
manyi,1
idü,1
kifli,1
kicike,1
kenőc,1
aju,1
éddis,1
adöndő,1
brrbrr,2
brm,1
tüüü,1
jejse,1
bumbumbum,3
potta,1
cejú,1
ece,3
sín,1
neö,2
kako,1
kiszáj,1
báná,3
bálná,1
kete,1
bányá,1
kikiki,2
háphápháp,1
bababágácsa,1
kene,1
pes,6
tütütütö,1
nincse,1
asók,1
huhuhuhu,1
huhu,1
modoj,4
bumbumbumbum,2
mejje,1
vájosba,3
dossabb,1
hintátik,1
mondod,1
szonykó,1
jojó,1
jovatkán,1
jovagolni,1
ajajuja,1
kijovagolni,1
visszajöttem,1
gazda,1
jovacskának,1
jovacskám,1
kisasztajon,1
fût,1
kejjet,1
dazdinak,1
jovacskája,1
édi,1
Vonyím,1
ejmenni,1
jovacskákhoz,1
jovacsja,1
csinájjá,1
jakd,1
velük,2
gazdi,3
vigyéj,1
kocsihoz,1
focibü,1
odafutok,1
tanujunk,1
szupej,1
kikanyarodik,1
durr,1
ojszágból,1
nyihogjál,1
Kajcsi,2
visszafelé,2
beszélj,2
éjteni,1
követ,1
komoly,1
jovacs,1
jeszej,1
egyetem,1
bajackot,2
jevágod,1
levágod,1
hólyag,1
bebojogatod,1
zsebkendővel,3
lejött,1
bevejtem,3
kapaszkodósba,1
minding,1
tálcát,1
tápátápá,2
tuka,1
köldök,1
kidokjuk,1
földje,1
jedüjünk,1
jejakjuk,1
teje,3
jedek,1
vajamilyen,1
jeszeded,2
ejég,3
tíz,3
tizenegy,1
tizenkettő,2
tizen,2
tizennyolc,4
barack,1
szerinted,1
ijőnk,1
ázok,1
söpörhetsz,1
lemorzsálsz,1
ak,2
pénztájos,4
ided,1
puha,1
fizessél,1
dojgozzál,1
bajack,1
vájjad,1
vök,1
jeveszed,2
kisfiú,2
sokára,1
puhát,1
együnk,2
odavidük,1
jeveded,1
fölnyitni,1
pénztáros,1
borogatva,1
beverte,1
becsípte,2
becsukódott,1
bojogassa,1
zsebkendő,1
ója,2
bejeszújok,1
öjdögbe,1
jádiójól,1
hajóba,1
jepajkolt,1
vezeti,2
magkó,1
pöjög,1
bóbita,1
kamamb,1
bóbi,2
ámos,2
fuu,1
kanasé,1
csijjag,3
szá,1
hihahaha,1
százat,1
csijag,1
száz,1
fakas,1
körme,1
pájá,2
ií,1
kanyar,3
szényom,1
kamám,1
öveg,3
dejek,1
isza,1
kéz,1
tenyég,1
esőne,2
kanyaj,2
ejhe,1
ják,4
máno,1
vijázs,1
piac,1
dugjak,1
kagylót,1
előt,1
komolyan,2
házikómat,1
öjejme,1
pöttös,2
Bendegúz,1
Bendegúzé,1
Bendegúznak,3
babája,1
tényjeg,1
kenőcsöt,1
golyósjátékomat,1
zsebkendőt,1
könyveket,1
dobozokat,1
cejuzákat,2
mibőj,1
ebbőj,3
egészbőj,1
azbőj,1
Mikujás,1
csinálta,1
kajapos,1
vezető,1
ééén,1
ús,1
jegyen,1
küjön,1
külön,2
madájéak,1
jeden,2
összetekejem,2
távcső,1
Mikircó,1
kácsá,1
vízből,1
jevejet,1
bedobtam,1
szomojkodtam,1
függönt,1
Jeji,1
nyújtózom,1
ojósjá,1
videót,1
hallgassa,1
ojoszjá,1
ojojszán,1
japozok,5
fufute,1
víjjal,1
zsíj,1
zebra,1
jóka,2
majmok,1
őzike,1
vitem,1
pofája,1
maradj,1
jájájá,1
jedobok,1
fejem,1
kenyértől,1
ozaj,1
nyújta,1
bajom,6
alfogjak,1
borszi,1
ojjom,1
mitőj,1
éz,1
jáb,1
jábszó,1
jábnyom,1
Jőji,1
zért,1
meeejt,1
ejszajadt,1
tartja,1
jábát,1
zsebkendőn,3
vojk,1
vojt,1
véj,2
pájnát,1
kutusosat,1
jefogjuk,1
mindjár,1
senkit,1
fejhúzni,1
ágyikókat,1
nadokat,3
jányokat,1
elefántokat,1
ojoszjányokat,1
tigjiseket,1
bohócokat,1
ajtókat,1
autókat,1
kájtyázni,1
fogóját,1
simogassam,1
mijért,1
jovas,1
ismejek,1
Jejiját,1
vejetem,1
jovacskát,3
amelyiket,1
hívják,2
Függöny,2
vicces,1
neve,1
föjüjhet,1
föjüjhetsz,1
Függönyösre,1
méjsz,1
Függönyös,4
átjakjuk,1
kapaszkod,1
kapaszkodni,1
eji,1
jej,1
jejesünk,1
jój,1
jajta,1
kapaszkodója,1
simogatni,1
Függönyöset,1
Doboz,1
Dobostojta,1
igeeen,1
tüdüdü,1
beszélnek,1
vajamitől,1
szemétláda,1
fejüjök,1
beszéjnek,1
mikogy,1
integessél,1
babával,1
pöttössel,1
fenekessel,1
ajszik,4
becsukja,1
inem,1
jány,4
jányom,1
fiúm,1
betakajni,1
enyémből,1
építeni,1
hójembejt,1
nyaka,3
d,1
babábój,1
hóöfeje,1
széttöjt,1
széttöj,1
mindán,1
ójomkatonát,1
puská,2
kajap,1
szemügeget,1
nénijé,1
katojával,1
hattyúk,1
fiók,1
ördögfiók,2
éjet,1
holdacska,1
tiktak,1
katonával,1
jepüj,1
égen,1
főzőkanál,1
Jujunak,1
szakával,1
patkányval,1
bajsza,2
ebadta,1
hajóval,1
hajak,1
vegyétegy,2
ölbe,1
ölömbe,1
anyának,1
bekente,1
messzije,1
cumihoz,1
bevettem,1
vetőtét,1
fejételt,1
fejtétet,1
fejecske,2
basa,2
vesszőcske,3
szój,2
öjö,1
kodát,2
köjtefa,2
vitojás,1
üjé,1
vitoját,1
ülésbe,1
kutát,1
ótt,1
csinájod,1
bekapcsoltad,2
ühüh,1
idehozod,2
öjöbb,1
ájjatot,2
vajon,1
nájunk,4
nálunk,1
bekajszój,1
jenyomom,1
hallgattuk,1
zenét,1
magasja,1
betisiját,1
prprprprrr,1
prprpr,1
ememátititétjá,1
ugjájnak,1
ijáj,1
bejöjök,1
betetetetek,1
pr,3
prpr,4
lefeküdt,2
ugjáj,1
kodód,1
ugjájunk,1
tetetejeke,1
kibojíthatom,1
mingyáj,1
kibojítom,1
Jézuska,2
kapcsojva,1
szettem,1
jefeküdtek,3
tyapupu,1
föjébjettek,1
jepülőmáci,1
gyejtek,1
föjébjedtünk,1
föjáj,1
edől,1
fötütő,1
babababa,2
föjébett,2
fölébjedt,1
megöjej,1
ciflit,1
mámam,1
brbr,1
kifliét,1
második,6
fogást,2
ecik,1
készíted,1
tányéja,2
figyelsz,1
szatyo,1
jefekütt,1
bugyija,1
figyetö,1
prprprrr,1
bejevéte,1
jótitunna,1
fölkejtek,1
ajudni,5
prprrr,1
semmikor,1
játatok,2
sétána,1
tanitunk,1
figyelünk,1
kikiri,1
prprprprpr,1
elmentünk,1
éshazamentünk,1
haji,1
fogás,4
nézett,1
közökis,1
jejátom,1
meggikod,1
megcsinájojod,1
szietön,1
gazdájuk,1
etön,1
ajkajokocsit,1
síjsz,2
gadája,1
játszodom,1
ojok,1
elpakojunk,1
jépünk,1
megészitek,1
kevesszük,1
pisit,1
tápápápá,1
szájba,1
kakakajom,1
megszájadjon,1
mamajba,1
betesze,1
bedobom,1
ledobom,1
ebbejakom,1
bejefér,1
békacsojok,1
cijos,1
szomszédba,1
bentem,1
négö,1
mosószert,1
hah,1
fajba,1
kiveked,1
puskineje,1
okosabb,1
okogolyó,1
gyurmázhatok,1
jabdát,2
nánem,1
midjárt,1
Jőrinccel,1
jeesett,1
magában,1
jajacom,1
véjete,1
jábojít,1
óvodában,1
Majika,1
nénózó,1
agocsával,1
nézedo,1
jepüjő,2
bí,1
csejesznye,2
szőjő,1
tajá,2
cipö,1
cső,1
kojcsoja,1
kojcsoját,1
iget,1
füjdőkádban,1
ecsipp,1
házban,3
fejet,1
jeget,1
dolog,1
ojjó,2
görkorcsoja,1
hörcsög,1
föltételt,1
sáj,1
kidobják,2
egejet,1
megvejem,2
dádádá,2
csúnyák,1
mmég,1
göjögkojcsoja,1
jéciámo,1
nehogy,1
legujujjak,1
füjdenek,1
fürdőkád,1
egejeket,1
ógy,1
szejetném,2
ddde,1
jájagadt,1
gyurma,2
jevettem,1
jedőltem,1
nagyokat,1
eldugom,2
jefényképezem,1
fényképezzek,2
hjava,1
ente,1
nyuszikát,1
jefénykepezem,1
jepüjaszi,1
kucsa,1
egéj,4
bejebújt,1
nyoknyimba,1
kibújt,1
nédi,1
anyucit,1
jefeküdök,1
jefeküdöm,1
maszijozó,1
símogatta,1
masszíjozó,1
lámával,2
ájjide,1
szokta,1
fényképezem,1
nyuszimat,1
lefényképezem,1
nyucijó,1
fölhúzom,1
nemtudom,1
elveszett,1
nétez,1
megfogta,1
jejakta,1
elveszet,1
jadjágot,1
vesszük,1
elefántosat,1
itthonra,1
ro,1
födine,1
kijé,1
bes,1
nyafa,1
bijibe,3
újat,1
föjvenni,1
jeeee,1
kacsának,1
vétének,1
egyek,1
tána,1
pejenka,3
megkija,1
ajtócskát,1
krokogyi,2
ejszavadom,1
krokogyil,1
putaputa,1
puta,1
ketápe,1
tajám,1
hogya,1
jejösz,1
fekejejáb,1
borsi,1
fejébe,1
azecsi,1
bejép,1
iszkojába,1
kitöte,1
putá,1
putáp,1
utá,1
ráüj,1
krokogyij,1
kukutyinnak,2
pitapitapita,1
búmmmmmmmmm,1
komámemápotani,1
ahha,1
megadoda,1
mazsi,1
mijjó,1
mis,1
pajton,1
megkejese,1
mekejesem,1
mikóci,1
kinyöntöm,1
óci,1
képzed,1
megájjtam,1
föjüja,1
föjül,1
mámásnyusz,1
kényed,1
ákis,1
föjüjt,1
öjüjt,1
tuott,1
ejindujtunk,1
kajácsot,1
memegyek,1
nyomjad,1
énvezető,1
Silvi,1
postás,1
bozog,1
agja,1
ettő,2
tő,1
buldog,1
bódog,3
Mikijét,1
kejesed,1
összszoka,1
szok,3
pjóbájom,1
nézol,1
kejeket,1
játöjöttem,1
kejekét,1
motojja,2
kejék,14
jászojítom,1
megyen,1
csúnyaság,1
kaji,1
minyik,1
kijöttél,1
idevajó,9
kel,1
nyomni,1
szújni,1
rozmáj,1
jezső,1
vaa,1
vizijó,1
sokedő,1
keji,1
tejösszki,1
éjdekej,1
valis,1
szojozni,1
odavajó,1
beséka,1
kejekekaz,1
jüki,1
vejető,1
eja,1
jejezik,1
fék,1
jedobom,1
benyomni,1
bejött,2
benyomtam,1
tugyuk,1
bodobát,1
bedobhatom,1
micsida,1
pacsaj,1
jépa,8
kibontod,1
kédede,1
jécies,1
bejönni,1
papucsoty,1
apajtajat,1
elénekelem,1
varjú,2
vajú,1
kevét,1
bicsoda,1
pájom,2
jépát,6
iszonyú,1
utájom,1
eljabojta,1
ebújt,1
apóka,1
emeséjjed,1
mozdúlt,2
aló,1
kihúta,1
mozdult,3
gárkát,1
anyó,3
apókát,3
0a,1
macskát,1
anyókát,1
apóká,1
apajtaja,1
énekeljed,1
szekéjje,2
hányja,1
mén,1
zazosz,1
jajzotad,1
szál,1
etter,1
nézeget,1
jöjöm,1
lejöjöm,1
megvejt,1
hotadon,1
siető,1
jötét,1
belefjöcsköjt,1
fogytam,2
bejepottantam,1
besötöjtem,1
bejement,1
Barbit,1
jejöjöm,2
Ojsival,2
fogócskásat,2
szaladunk,2
Bajbit,1
jejőttem,1
sehol,1
étteremben,1
piddát,1
gomba,1
sonka,1
kóját,1
pinc,1
pincér,1
hajjá,1
údhodí,1
meghalsz,2
hajjál,1
nézzödü,1
puskád,1
menyéj,1
csinájom,1
szigyasztok,1
Csipi,1
Topi,1
enyémben,1
házammal,1
jejöjek,1
ajatózni,1
Tipi,1
Topival,1
féken,1
játszál,1
dzsu,3
tesije,1
óvodából,2
nomdából,1
dár,1
dzsf,1
főz,1
jaci,1
jatája,4
tonijatá,1
Tomija,1
táj,1
ojszik,1
bijibá,1
vásájoj,1
boltban,1
bejetoja,1
capot,1
szerelt,1
bécéből,1
befújt,1
jakhac,1
tüdet,1
szívesen,2
gyújtok,1
tüzet,1
tufa,1
meggyújthatta,1
juhámat,1
pojszívózik,1
ájjamon,1
mûködik,1
megjáthat,1
moshatom,1
fölülni,1
beteszkedik,1
lecsöppent,1
föjdje,1
kicsöpögteti,1
pajkettája,1
jepüjö,1
söveg,1
seplü,1
tejítenek,1
megtejítenek,1
jótonakadnak,1
pohajat,1
teáskannát,1
tányéjokat,1
kenyejet,2
szajvétát,1
szajvetát,1
sótajtót,1
dadon,1
jendo,1
kutotnak,1
nuti,1
bicikji,1
föjxxx,1
hegedû,1
jajtó,1
jendet,1
megfogja,1
idepakolja,1
ejefántja,2
polcja,1
polc,2
kockából,1
tól,1
vonatoztat,1
vonatoztit,1
üe,1
mosakodik,1
székje,1
betegyük,1
tyúk,2
csibe,2
fajka,1
tóban,2
köjbe,6
Vejencei,1
játtunk,1
kejekecske,1
káposztát,1
mbrm,1
jopogtatta,1
behajlította,1
cukojkákat,1
kindej,2
tojásban,1
teknős,1
Vejencébe,1
milye,1
doktoj,1
Ajmádiban,2
tjaktoj,3
homokozónál,1
taktoj,1
megprobájt,1
dorsan,1
festőt,1
sájkányt,1
szüjinapot,1
kívánok,1
tuktuk,1
bumbumbumbumbum,1
focija,1
fokvágen,1
jendezzük,2
ll,1
fok,1
vejdi,1
Tomim,2
jepakoj,1
kéve,1
ejes,1
hojakik,1
manyót,1
szitegyük,1
affal,1
affa,2
edûtek,1
széted,1
hoje,1
edőtek,1
vatt,1
helyej,1
jevi,5
isibe,1
vejet,1
kabáto,1
idegyük,1
éljen,1
kicsacsonyom,2
csúdát,2
csúzda,1
lépcsőt,1
ejősen,1
kicsivel,1
jácom,1
döndöndöndöndöndön,1
den,17
dendendenden,4
putty,3
lépcső,1
denden,1
dan,1
döndöndöndön,4
búdog,2
dendenden,1
dödö,4
jejótott,1
jecsúszott,1
döndöndön,3
fanni,1
dendun,1
dödön,2
jöf,2
puty,1
senkivel,1
éne,1
caki,1
caci,1
vízocska,1
zétuskája,1
zézuska,1
kinyúj,1
hagyisá,1
idem,1
édekakakoda,1
kinyittam,2
becsukka,1
kijitottam,1
kácsák,1
ibák,1
akakaszuk,1
összegyûjtem,1
hahatijadódot,1
mökkejájkakas,1
kojka,1
böfittem,1
jemászok,1
hai,1
abádiba,1
jetúszott,1
pesust,1
pesóst,1
bejust,1
pejust,1
bejus,1
fejvétejt,1
majót,1
bajaton,1
vizében,1
csipke,2
váni,1
jáni,1
beszáni,1
bujuka,1
ruháját,1
toszjód,1
kudus,2
nétáná,1
néninis,1
hóban,1
kendő,1
kutazik,1
kejten,2
kejte,1
pulcsi,2
pulcsika,1
lecs,1
puci,2
affeta,1
Berci,1
havasok,1
hókis,2
ajacsót,1
titítani,1
ent,1
söpö,1
söpöz,1
söpöj,1
hót,1
ejindult,1
leszégőzök,1
minddá,1
hóba,1
votta,1
viatt,1
elsöpörtök,1
indult,1
lesöpörtük,1
hajat,1
mikutángat,1
indut,1
mácsukod,1
anyót,1
kénes,2
pogácát,1
kockásba,1
kanájka,1
hógolyóm,1
fődön,1
uttán,1
csönget,1
csemmi,1
jajüjö,1
jejüjök,2
cinátam,1
ezzejadató,1
kidi,1
szojojú,1
jajától,1
nemati,1
jejütem,1
mevarr,1
megjagaszta,1
megvajni,3
kidodam,1
jájühetek,1
jagasztani,2
jevijé,1
főveszi,1
ajz,1
sétáti,1
sétán,1
alja,1
tudodi,1
teker,1
igyeja,1
tekerni,1
tût,1
Mikike,1
tûtû,1
sírni,3
szúrni,2
icipici,1
nézhetem,1
felnéni,1
idedejakom,1
etitetekeza,1
megnézhetem,1
jájani,1
megnézezem,1
való,1
ejtője,1
emmeg,1
másikja,2
josszak,1
losszak,1
jókka,1
tûk,1
megigaztom,1
tetá,1
etete,1
narancssá,1
rarín,1
vijágosbarna,1
Mikit,2
megszúr,1
meszajgya,1
jajüjü,1
jájüjü,1
mikike,1
vesszőcskét,1
ojsival,5
vevőke,1
zajzojával,1
zojzojája,1
ejjeta,1
mosdajó,1
motojjój,2
motojjól,1
tajába,1
begyûjtötte,1
megyógyítta,1
dottónak,1
számba,1
gyógyítani,1
dottoj,2
tutto,1
totto,1
jájütem,1
vodojja,1
